processingDate,collectionName,sceneDateString,product_file_id,beamModeType,polarization,track,nearStartLon,nearEndLon,centerLon,incidenceAngle,configurationName,varianceTroposphere,stopTime,farEndLon,pointingAngle,stringFootprint,slaveGranule,sensor,downloadUrl,flightLine,md5sum,absoluteOrbit,fileName,formatName,granuleName,firstFrame,percentTroposphere,offNadirAngle,nearEndLat,percentUnwrapped,processingDescription,processingTypeDisplay,relativeOrbit,status,startTime,frequency,farStartLat,beamMode,faradayRotation,sceneId,granuleType,beamSwath,centerLat,percentCoherence,platform,productName,frameNumber,missionName,thumbnailUrl,lookDirection,flightDirection,insarGrouping,farEndLat,groupID,processingType,catSceneId,finalFrame,sizeMB,browse,nearStartLat,farStartLon,sarSceneId,masterGranule,insarStackSize,sceneDate,processingLevel,doppler
2021-04-20T14:05:11Z,"Grand Mesa, CO",,UA_grmesa_27416_21019-017_21021-005_0006d_s01_L090_01-INTERFEROMETRY_GRD,RPI,HH,27416,-108.29981431,-108.28850828,-108.110831843488,,Repeat Pass Interferometry,,2021-03-22T15:30:53Z,-107.91620918,,"POLYGON((-108.288508 39.157898,-107.916209 39.121269,-107.928515 38.957648,-108.299814 38.979789,-108.288508 39.157898))",,UAVSAR,https://datapool.asf.alaska.edu/INTERFEROMETRY_GRD/UA/grmesa_27416_21019-017_21021-005_0006d_s01_L090_01_int_grd.zip,27416,55a0e8c23ce4e6b16288c57b4826aed0,-1,grmesa_27416_21019-017_21021-005_0006d_s01_L090_01_int_grd.zip,,UA_grmesa_27416_21019-017_21021-005_0006d_s01_L090_01,781,,-1,39.15789809,,"Ground projected interferogram product, one file per pair of repeat tracks, complex floating point format 8 bytes per pixel, little endian.",Ground Projected Interferogram,27416,,2021-03-16T16:39:43Z,,38.95764774,RPI,,UA_grmesa_27416_21019-017_21021-005_0006d_s01_L090_01,UAVSAR_INSAR_SCENE,,39.0545480565216,,UAVSAR,UA_grmesa_27416_21019-017_21021-005_0006d_s01_L090_01,781,"Grand Mesa, CO",https://datapool.asf.alaska.edu/THUMBNAIL/UA/grmesa_27416_21019-017_21021-005_0006d_s01_L090HH_01.amp1_THUMBNAIL.jpg,L,,-1,39.12126908,UA_grmesa_27416_21019-017_21021-005_0006d_s01_L090_01,L1,,781,1061.31871414,https://datapool.asf.alaska.edu/BROWSE/UA/grmesa_27416_21019-017_21021-005_0006d_s01_L090HH_01.cor.png,38.97978927,-107.92851476,,,0,2021-03-22T15:30:53Z,INTERFEROMETRY_GRD,-1
2021-04-16T00:20:18Z,"Grand Mesa, CO",,UA_grmesa_27416_21017-017_21019-017_0006d_s01_L090_01-INTERFEROMETRY_GRD,RPI,HH,27416,-108.29748606,-108.29003968,-108.109932476343,,Repeat Pass Interferometry,,2021-03-16T16:39:43Z,-107.91580194,,"POLYGON((-108.290040 39.158407,-107.915802 39.121253,-107.925841 38.957472,-108.297486 38.979640,-108.290040 39.158407))",,UAVSAR,https://datapool.asf.alaska.edu/INTERFEROMETRY_GRD/UA/grmesa_27416_21017-017_21019-017_0006d_s01_L090_01_int_grd.zip,27416,51d46f594c035988b063d92da4ccb8d9,-1,grmesa_27416_21017-017_21019-017_0006d_s01_L090_01_int_grd.zip,,UA_grmesa_27416_21017-017_21019-017_0006d_s01_L090_01,781,,-1,39.15840721,,"Ground projected interferogram product, one file per pair of repeat tracks, complex floating point format 8 bytes per pixel, little endian.",Ground Projected Interferogram,27416,,2021-03-10T16:36:24Z,,38.95747205,RPI,,UA_grmesa_27416_21017-017_21019-017_0006d_s01_L090_01,UAVSAR_INSAR_SCENE,,39.054649784947,,UAVSAR,UA_grmesa_27416_21017-017_21019-017_0006d_s01_L090_01,781,"Grand Mesa, CO",https://datapool.asf.alaska.edu/THUMBNAIL/UA/grmesa_27416_21017-017_21019-017_0006d_s01_L090HH_01.amp1_THUMBNAIL.jpg,L,,-1,39.12125308,UA_grmesa_27416_21017-017_21019-017_0006d_s01_L090_01,L1,,781,1059.69205761,https://datapool.asf.alaska.edu/BROWSE/UA/grmesa_27416_21017-017_21019-017_0006d_s01_L090HH_01.cor.png,38.97964027,-107.92584069,,,0,2021-03-16T16:39:43Z,INTERFEROMETRY_GRD,-1
2021-04-16T00:31:52Z,"Grand Mesa, CO",,UA_grmesa_27416_21016-002_21017-017_0007d_s01_L090_01-INTERFEROMETRY_GRD,RPI,HH,27416,-108.36892775,-108.36503558,-108.13248652742,,Repeat Pass Interferometry,,2021-03-10T16:36:09Z,-107.88219829,,"POLYGON((-108.365036 39.171362,-107.882198 39.117054,-107.891456 38.954827,-108.368928 38.983958,-108.365036 39.171362))",,UAVSAR,https://datapool.asf.alaska.edu/INTERFEROMETRY_GRD/UA/grmesa_27416_21016-002_21017-017_0007d_s01_L090_01_int_grd.zip,27416,2b2420de2b30254067ce856639080eda,-1,grmesa_27416_21016-002_21017-017_0007d_s01_L090_01_int_grd.zip,,UA_grmesa_27416_21016-002_21017-017_0007d_s01_L090_01,781,,-1,39.1713618,,"Ground projected interferogram product, one file per pair of repeat tracks, complex floating point format 8 bytes per pixel, little endian.",Ground Projected Interferogram,27416,,2021-03-03T22:03:00Z,,38.95482674,RPI,,UA_grmesa_27416_21016-002_21017-017_0007d_s01_L090_01,UAVSAR_INSAR_SCENE,,39.0576946094825,,UAVSAR,UA_grmesa_27416_21016-002_21017-017_0007d_s01_L090_01,781,"Grand Mesa, CO",https://datapool.asf.alaska.edu/THUMBNAIL/UA/grmesa_27416_21016-002_21017-017_0007d_s01_L090HH_01.amp1_THUMBNAIL.jpg,L,,-1,39.11705375,UA_grmesa_27416_21016-002_21017-017_0007d_s01_L090_01,L1,,781,1395.20475578,https://datapool.asf.alaska.edu/BROWSE/UA/grmesa_27416_21016-002_21017-017_0007d_s01_L090HH_01.cor.png,38.98395834,-107.89145644,,,0,2021-03-10T16:36:09Z,INTERFEROMETRY_GRD,-1
2021-04-16T00:11:26Z,"Grand Mesa, CO",,UA_grmesa_27416_21011-010_21016-002_0021d_s01_L090_01-INTERFEROMETRY_GRD,RPI,HH,27416,-108.37162923,-108.36243788,-108.133431122101,,Repeat Pass Interferometry,,2021-03-03T22:03:01Z,-107.88322781,,"POLYGON((-108.362438 39.170228,-107.883228 39.117119,-107.894959 38.955075,-108.371629 38.984144,-108.362438 39.170228))",,UAVSAR,https://datapool.asf.alaska.edu/INTERFEROMETRY_GRD/UA/grmesa_27416_21011-010_21016-002_0021d_s01_L090_01_int_grd.zip,27416,fbe5803c3c1fe8a30820374f3713d059,-1,grmesa_27416_21011-010_21016-002_0021d_s01_L090_01_int_grd.zip,,UA_grmesa_27416_21011-010_21016-002_0021d_s01_L090_01,781,,-1,39.17022757,,"Ground projected interferogram product, one file per pair of repeat tracks, complex floating point format 8 bytes per pixel, little endian.",Ground Projected Interferogram,27416,,2021-02-10T19:12:13Z,,38.95507472,RPI,,UA_grmesa_27416_21011-010_21016-002_0021d_s01_L090_01,UAVSAR_INSAR_SCENE,,39.0574394224657,,UAVSAR,UA_grmesa_27416_21011-010_21016-002_0021d_s01_L090_01,781,"Grand Mesa, CO",https://datapool.asf.alaska.edu/THUMBNAIL/UA/grmesa_27416_21011-010_21016-002_0021d_s01_L090HH_01.amp1_THUMBNAIL.jpg,L,,-1,39.11711898,UA_grmesa_27416_21011-010_21016-002_0021d_s01_L090_01,L1,,781,1387.80714989,https://datapool.asf.alaska.edu/BROWSE/UA/grmesa_27416_21011-010_21016-002_0021d_s01_L090HH_01.cor.png,38.98414439,-107.894959,,,0,2021-03-03T22:03:01Z,INTERFEROMETRY_GRD,-1
2021-04-15T00:39:39Z,"Utica, MT",,UA_uticam_21003_21004-002_21013-003_0034d_s01_L090_01-INTERFEROMETRY_GRD,RPI,HH,21003,-110.53347332,-109.94382806,-110.121192870436,,Repeat Pass Interferometry,,2021-02-23T18:47:21Z,-109.70411262,,"POLYGON((-109.943828 47.256673,-109.704113 47.146626,-110.307950 46.434778,-110.533473 46.534466,-109.943828 47.256673))",,UAVSAR,https://datapool.asf.alaska.edu/INTERFEROMETRY_GRD/UA/uticam_21003_21004-002_21013-003_0034d_s01_L090_01_int_grd.zip,21003,528a18797ae22dbe96d7afdcc57357f2,-1,uticam_21003_21004-002_21013-003_0034d_s01_L090_01_int_grd.zip,,UA_uticam_21003_21004-002_21013-003_0034d_s01_L090_01,937,,-1,47.25667304,,"Ground projected interferogram product, one file per pair of repeat tracks, complex floating point format 8 bytes per pixel, little endian.",Ground Projected Interferogram,21003,,2021-01-20T20:40:48Z,,46.43477774,RPI,,UA_uticam_21003_21004-002_21013-003_0034d_s01_L090_01,UAVSAR_INSAR_SCENE,,46.8473412858359,,UAVSAR,UA_uticam_21003_21004-002_21013-003_0034d_s01_L090_01,937,"Utica, MT",https://datapool.asf.alaska.edu/THUMBNAIL/UA/uticam_21003_21004-002_21013-003_0034d_s01_L090HH_01.amp1_THUMBNAIL.jpg,L,,-1,47.14662574,UA_uticam_21003_21004-002_21013-003_0034d_s01_L090_01,L1,,937,3580.7259922,https://datapool.asf.alaska.edu/BROWSE/UA/uticam_21003_21004-002_21013-003_0034d_s01_L090HH_01.cor.png,46.53446577,-110.30794956,,,0,2021-02-23T18:47:21Z,INTERFEROMETRY_GRD,-1
2021-03-18T06:08:59Z,"Grand Mesa, CO",,UA_grmesa_27416_21010-002_21011-010_0007d_s01_L090_01-INTERFEROMETRY_GRD,RPI,HH,27416,-108.30012857,-108.28803634,-108.110811873295,,Repeat Pass Interferometry,,2021-02-10T19:12:27Z,-107.91595657,,"POLYGON((-108.288036 39.157745,-107.915957 39.121222,-107.928890 38.957674,-108.300129 38.979786,-108.288036 39.157745))",,UAVSAR,https://datapool.asf.alaska.edu/INTERFEROMETRY_GRD/UA/grmesa_27416_21010-002_21011-010_0007d_s01_L090_01_int_grd.zip,27416,ce357d3ecef793a58bb24b200099c2ab,-1,grmesa_27416_21010-002_21011-010_0007d_s01_L090_01_int_grd.zip,,UA_grmesa_27416_21010-002_21011-010_0007d_s01_L090_01,781,,-1,39.15774544,,"Ground projected interferogram product, one file per pair of repeat tracks, complex floating point format 8 bytes per pixel, little endian.",Ground Projected Interferogram,27416,,2021-02-03T23:50:36Z,,38.95767424,RPI,,UA_grmesa_27416_21010-002_21011-010_0007d_s01_L090_01,UAVSAR_INSAR_SCENE,,39.0544985651198,,UAVSAR,UA_grmesa_27416_21010-002_21011-010_0007d_s01_L090_01,781,"Grand Mesa, CO",https://datapool.asf.alaska.edu/THUMBNAIL/UA/grmesa_27416_21010-002_21011-010_0007d_s01_L090HH_01.amp1_THUMBNAIL.jpg,L,,-1,39.12122163,UA_grmesa_27416_21010-002_21011-010_0007d_s01_L090_01,L1,,781,1060.0092268,https://datapool.asf.alaska.edu/BROWSE/UA/grmesa_27416_21010-002_21011-010_0007d_s01_L090HH_01.cor.png,38.97978626,-107.92889032,,,0,2021-02-10T19:12:27Z,INTERFEROMETRY_GRD,-1
2021-03-18T06:39:01Z,"Grand Mesa, CO",,UA_grmesa_27416_21007-004_21010-002_0007d_s01_L090_01-INTERFEROMETRY_GRD,RPI,HH,27416,-108.37240083,-108.36200701,-108.133880111372,,Repeat Pass Interferometry,,2021-02-03T23:50:19Z,-107.88380908,,"POLYGON((-108.362007 39.170014,-107.883809 39.117178,-107.896050 38.955144,-108.372401 38.984220,-108.362007 39.170014))",,UAVSAR,https://datapool.asf.alaska.edu/INTERFEROMETRY_GRD/UA/grmesa_27416_21007-004_21010-002_0007d_s01_L090_01_int_grd.zip,27416,99ae91081bec2c926991af2b8dcc53fd,-1,grmesa_27416_21007-004_21010-002_0007d_s01_L090_01_int_grd.zip,,UA_grmesa_27416_21007-004_21010-002_0007d_s01_L090_01,781,,-1,39.170014,,"Ground projected interferogram product, one file per pair of repeat tracks, complex floating point format 8 bytes per pixel, little endian.",Ground Projected Interferogram,27416,,2021-01-27T19:47:02Z,,38.95514406,RPI,,UA_grmesa_27416_21007-004_21010-002_0007d_s01_L090_01,UAVSAR_INSAR_SCENE,,39.0574129798055,,UAVSAR,UA_grmesa_27416_21007-004_21010-002_0007d_s01_L090_01,781,"Grand Mesa, CO",https://datapool.asf.alaska.edu/THUMBNAIL/UA/grmesa_27416_21007-004_21010-002_0007d_s01_L090HH_01.amp1_THUMBNAIL.jpg,L,,-1,39.11717773,UA_grmesa_27416_21007-004_21010-002_0007d_s01_L090_01,L1,,781,1403.91749859,https://datapool.asf.alaska.edu/BROWSE/UA/grmesa_27416_21007-004_21010-002_0007d_s01_L090HH_01.cor.png,38.98422044,-107.89604997,,,0,2021-02-03T23:50:19Z,INTERFEROMETRY_GRD,-1
2021-03-18T12:33:39Z,"Utica, MT",,UA_uticam_21003_21002-003_21004-002_0005d_s01_L090_01-INTERFEROMETRY_GRD,RPI,HH,21003,-110.49418149,-109.96311269,-110.110687813935,,Repeat Pass Interferometry,,2021-01-20T20:41:01Z,-109.7225546,,"POLYGON((-109.963113 47.234283,-109.722555 47.125062,-110.266570 46.484523,-110.494181 46.584774,-109.963113 47.234283))",,UAVSAR,https://datapool.asf.alaska.edu/INTERFEROMETRY_GRD/UA/uticam_21003_21002-003_21004-002_0005d_s01_L090_01_int_grd.zip,21003,64f44fe0b2a924e10105fb9d2d4a87f5,-1,uticam_21003_21002-003_21004-002_0005d_s01_L090_01_int_grd.zip,,UA_uticam_21003_21002-003_21004-002_0005d_s01_L090_01,937,,-1,47.23428308,,"Ground projected interferogram product, one file per pair of repeat tracks, complex floating point format 8 bytes per pixel, little endian.",Ground Projected Interferogram,21003,,2021-01-15T19:10:57Z,,46.4845226,RPI,,UA_uticam_21003_21002-003_21004-002_0005d_s01_L090_01,UAVSAR_INSAR_SCENE,,46.8605439788557,,UAVSAR,UA_uticam_21003_21002-003_21004-002_0005d_s01_L090_01,937,"Utica, MT",https://datapool.asf.alaska.edu/THUMBNAIL/UA/uticam_21003_21002-003_21004-002_0005d_s01_L090HH_01.amp1_THUMBNAIL.jpg,L,,-1,47.12506225,UA_uticam_21003_21002-003_21004-002_0005d_s01_L090_01,L1,,937,3435.86566925,https://datapool.asf.alaska.edu/BROWSE/UA/uticam_21003_21002-003_21004-002_0005d_s01_L090HH_01.cor.png,46.58477355,-110.26657008,,,0,2021-01-20T20:41:01Z,INTERFEROMETRY_GRD,-1
2020-07-23T02:23:50Z,"Peeler Peak, CO",,UA_peeler_31619_20013-003_20017-008_0015d_s01_L090_01-INTERFEROMETRY_GRD,RPI,HH,31619,-106.86755915,-107.1994201,-106.955127192296,,Repeat Pass Interferometry,,2020-03-12T18:53:01Z,-107.03300706,,"POLYGON((-107.199420 39.055354,-107.033007 39.197273,-106.712444 38.915237,-106.867559 38.787796,-107.199420 39.055354))",,UAVSAR,https://datapool.asf.alaska.edu/INTERFEROMETRY_GRD/UA/peeler_31619_20013-003_20017-008_0015d_s01_L090_01_int_grd.zip,31619,f8e9734b38509e07d67a432383cad913,-1,peeler_31619_20013-003_20017-008_0015d_s01_L090_01_int_grd.zip,,UA_peeler_31619_20013-003_20017-008_0015d_s01_L090_01,780,,-1,39.05535363,,"Ground projected interferogram product, one file per pair of repeat tracks, complex floating point format 8 bytes per pixel, little endian.",Ground Projected Interferogram,31619,,2020-02-26T17:24:55Z,,38.91523731,RPI,,UA_peeler_31619_20013-003_20017-008_0015d_s01_L090_01,UAVSAR_INSAR_SCENE,,38.9911491996648,,UAVSAR,UA_peeler_31619_20013-003_20017-008_0015d_s01_L090_01,780,"Peeler Peak, CO",https://datapool.asf.alaska.edu/THUMBNAIL/UA/peeler_31619_20013-003_20017-008_0015d_s01_L090HV_01.int_THUMBNAIL.jpg,L,,-1,39.19727331,UA_peeler_31619_20013-003_20017-008_0015d_s01_L090_01,L1,,780,1275.19486904,https://datapool.asf.alaska.edu/BROWSE/UA/peeler_31619_20013-003_20017-008_0015d_s01_L090HH_01.cor.png,38.78779638,-106.71244431,,,0,2020-03-12T18:53:01Z,INTERFEROMETRY_GRD,-1
2020-07-22T08:09:29Z,"Grand Mesa, CO",,UA_grmesa_27416_20003-028_20017-006_0040d_s01_L090_01-INTERFEROMETRY_GRD,RPI,HH,27416,-108.3004564,-108.28450449,-108.109731348813,,Repeat Pass Interferometry,,2020-03-12T18:17:08Z,-107.91455528,,"POLYGON((-108.284504 39.156873,-107.914555 39.120978,-107.929494 38.957711,-108.300456 38.979798,-108.284504 39.156873))",,UAVSAR,https://datapool.asf.alaska.edu/INTERFEROMETRY_GRD/UA/grmesa_27416_20003-028_20017-006_0040d_s01_L090_01_int_grd.zip,27416,4dad69e92a3ebb7f8c01979c6b62cf0f,-1,grmesa_27416_20003-028_20017-006_0040d_s01_L090_01_int_grd.zip,,UA_grmesa_27416_20003-028_20017-006_0040d_s01_L090_01,781,,-1,39.15687268,,"Ground projected interferogram product, one file per pair of repeat tracks, complex floating point format 8 bytes per pixel, little endian.",Ground Projected Interferogram,27416,,2020-02-01T02:13:16Z,,38.95771085,RPI,,UA_grmesa_27416_20003-028_20017-006_0040d_s01_L090_01,UAVSAR_INSAR_SCENE,,39.0541593170674,,UAVSAR,UA_grmesa_27416_20003-028_20017-006_0040d_s01_L090_01,781,"Grand Mesa, CO",https://datapool.asf.alaska.edu/THUMBNAIL/UA/grmesa_27416_20003-028_20017-006_0040d_s01_L090HH_01.legendCor_THUMBNAIL.jpg,L,,-1,39.12097803,UA_grmesa_27416_20003-028_20017-006_0040d_s01_L090_01,L1,,781,231.549072266,https://datapool.asf.alaska.edu/BROWSE/UA/grmesa_27416_20003-028_20017-006_0040d_s01_L090HH_01.cor.png,38.97979784,-107.92949355,,,0,2020-03-12T18:17:08Z,INTERFEROMETRY_GRD,-1
2020-04-18T06:10:32Z,"Grand Mesa, CO",,UA_grmesa_27416_20013-004_20017-006_0015d_s01_L090_01-INTERFEROMETRY_GRD,RPI,HH,27416,-108.37191382,-108.3588636,-108.13208003336,,Repeat Pass Interferometry,,2020-03-12T18:16:50Z,-107.88224101,,"POLYGON((-108.358864 39.167911,-107.882241 39.116986,-107.895531 38.955134,-108.371914 38.984169,-108.358864 39.167911))",,UAVSAR,https://datapool.asf.alaska.edu/INTERFEROMETRY_GRD/UA/grmesa_27416_20013-004_20017-006_0015d_s01_L090_01_int_grd.zip,27416,a28738e777ba6f86363dfefc626d8114,-1,grmesa_27416_20013-004_20017-006_0015d_s01_L090_01_int_grd.zip,,UA_grmesa_27416_20013-004_20017-006_0015d_s01_L090_01,781,,-1,39.16791115,,"Ground projected interferogram product, one file per pair of repeat tracks, complex floating point format 8 bytes per pixel, little endian.",Ground Projected Interferogram,27416,,2020-02-26T17:40:39Z,,38.95513376,RPI,,UA_grmesa_27416_20013-004_20017-006_0015d_s01_L090_01,UAVSAR_INSAR_SCENE,,39.0567366513858,,UAVSAR,UA_grmesa_27416_20013-004_20017-006_0015d_s01_L090_01,781,"Grand Mesa, CO",https://datapool.asf.alaska.edu/THUMBNAIL/UA/grmesa_27416_20013-004_20017-006_0015d_s01_L090VV_01.legendUnw_THUMBNAIL.jpg,L,,-1,39.11698645,UA_grmesa_27416_20013-004_20017-006_0015d_s01_L090_01,L1,,781,1380.83637714,https://datapool.asf.alaska.edu/BROWSE/UA/grmesa_27416_20013-004_20017-006_0015d_s01_L090HH_01.cor.png,38.98416879,-107.89553055,,,0,2020-03-12T18:16:50Z,INTERFEROMETRY_GRD,-1
2020-04-24T07:14:00Z,"Rocky Mountains NP, CO",,UA_rockmt_32109_20008-009_20017-003_0022d_s01_L090_01-INTERFEROMETRY_GRD,RPI,HH,32109,-105.78273204,-106.02235365,-105.812145353477,,Repeat Pass Interferometry,,2020-03-12T17:08:09Z,-105.84516923,,"POLYGON((-106.022354 40.504421,-105.845169 40.634056,-105.601159 40.414359,-105.782732 40.278787,-106.022354 40.504421))",,UAVSAR,https://datapool.asf.alaska.edu/INTERFEROMETRY_GRD/UA/rockmt_32109_20008-009_20017-003_0022d_s01_L090_01_int_grd.zip,32109,ce671a77ded7e8662d04c93f2b45df3a,-1,rockmt_32109_20008-009_20017-003_0022d_s01_L090_01_int_grd.zip,,UA_rockmt_32109_20008-009_20017-003_0022d_s01_L090_01,809,,-1,40.50442114,,"Ground projected interferogram product, one file per pair of repeat tracks, complex floating point format 8 bytes per pixel, little endian.",Ground Projected Interferogram,32109,,2020-02-19T18:42:55Z,,40.41435891,RPI,,UA_rockmt_32109_20008-009_20017-003_0022d_s01_L090_01,UAVSAR_INSAR_SCENE,,40.4572717496242,,UAVSAR,UA_rockmt_32109_20008-009_20017-003_0022d_s01_L090_01,809,"Rocky Mountains NP, CO",https://datapool.asf.alaska.edu/THUMBNAIL/UA/rockmt_32109_20008-009_20017-003_0022d_s01_L090VH_01.legendUnw_THUMBNAIL.jpg,L,,-1,40.63405551,UA_rockmt_32109_20008-009_20017-003_0022d_s01_L090_01,L1,,809,1027.32688332,https://datapool.asf.alaska.edu/BROWSE/UA/rockmt_32109_20008-009_20017-003_0022d_s01_L090HH_01.cor.png,40.2787874,-105.60115892,,,0,2020-03-12T17:08:09Z,INTERFEROMETRY_GRD,-1
2020-10-31T01:07:05Z,"Rocky Mountains NP, CO",,UA_rockmt_14107_20013-006_20017-002_0015d_s01_L090_01-INTERFEROMETRY_GRD,RPI,HH,14107,-105.7820001,-106.10167743,-105.84339215203,,Repeat Pass Interferometry,,2020-03-12T16:54:00Z,-105.89475772,,"POLYGON((-106.101677 40.590086,-105.894758 40.706499,-105.589410 40.415530,-105.782000 40.304814,-106.101677 40.590086))",,UAVSAR,https://datapool.asf.alaska.edu/INTERFEROMETRY_GRD/UA/rockmt_14107_20013-006_20017-002_0015d_s01_L090_01_int_grd.zip,14107,3d9a19a6a35cb1fc811ceaa39c37aacd,-1,rockmt_14107_20013-006_20017-002_0015d_s01_L090_01_int_grd.zip,,UA_rockmt_14107_20013-006_20017-002_0015d_s01_L090_01,810,,-1,40.59008616,,"Ground projected interferogram product, one file per pair of repeat tracks, complex floating point format 8 bytes per pixel, little endian.",Ground Projected Interferogram,14107,,2020-02-26T18:24:28Z,,40.41553003,RPI,,UA_rockmt_14107_20013-006_20017-002_0015d_s01_L090_01,UAVSAR_INSAR_SCENE,,40.5057840393001,,UAVSAR,UA_rockmt_14107_20013-006_20017-002_0015d_s01_L090_01,810,"Rocky Mountains NP, CO",https://datapool.asf.alaska.edu/THUMBNAIL/UA/rockmt_14107_20013-006_20017-002_0015d_s01_L090HH_01.amp1_THUMBNAIL.jpg,L,,-1,40.70649936,UA_rockmt_14107_20013-006_20017-002_0015d_s01_L090_01,L1,,810,1494.37653923,https://datapool.asf.alaska.edu/BROWSE/UA/rockmt_14107_20013-006_20017-002_0015d_s01_L090HH_01.cor.png,40.30481424,-105.58940976,,,0,2020-03-12T16:54:00Z,INTERFEROMETRY_GRD,-1
2020-07-23T00:34:16Z,"Lowman, CO",,UA_lowman_23205_20011-003_20016-004_0019d_s01_L090_01-INTERFEROMETRY_GRD,RPI,HH,23205,-116.3683188,-115.13277131,-115.688668457212,,Repeat Pass Interferometry,,2020-03-11T17:45:46Z,-114.98943888,,"POLYGON((-115.132771 44.439184,-114.989439 44.302396,-116.210731 43.628396,-116.368319 43.778572,-115.132771 44.439184))",,UAVSAR,https://datapool.asf.alaska.edu/INTERFEROMETRY_GRD/UA/lowman_23205_20011-003_20016-004_0019d_s01_L090_01_int_grd.zip,23205,cb056e496927d3f70079188fc847409e,-1,lowman_23205_20011-003_20016-004_0019d_s01_L090_01_int_grd.zip,,UA_lowman_23205_20011-003_20016-004_0019d_s01_L090_01,881,,-1,44.43918378,,"Ground projected interferogram product, one file per pair of repeat tracks, complex floating point format 8 bytes per pixel, little endian.",Ground Projected Interferogram,23205,,2020-02-21T01:53:17Z,,43.62839576,RPI,,UA_lowman_23205_20011-003_20016-004_0019d_s01_L090_01,UAVSAR_INSAR_SCENE,,44.0333636572091,,UAVSAR,UA_lowman_23205_20011-003_20016-004_0019d_s01_L090_01,881,"Lowman, CO",https://datapool.asf.alaska.edu/THUMBNAIL/UA/lowman_23205_20011-003_20016-004_0019d_s01_L090VH_01.cor_THUMBNAIL.jpg,L,,-1,44.30239606,UA_lowman_23205_20011-003_20016-004_0019d_s01_L090_01,L1,,881,4498.40825462,https://datapool.asf.alaska.edu/BROWSE/UA/lowman_23205_20011-003_20016-004_0019d_s01_L090HH_01.cor.png,43.77857199,-116.21073102,,,0,2020-03-11T17:45:46Z,INTERFEROMETRY_GRD,-1
2020-07-22T20:14:52Z,"Silver City, ID",,UA_silver_34715_20011-001_20016-002_0019d_s01_L090_01-INTERFEROMETRY_GRD,RPI,HH,34715,-116.83032539,-116.93260413,-116.750695820845,,Repeat Pass Interferometry,,2020-03-11T17:13:45Z,-116.66115196,,"POLYGON((-116.932604 43.295049,-116.661152 43.353947,-116.577382 43.025059,-116.830325 42.972123,-116.932604 43.295049))",,UAVSAR,https://datapool.asf.alaska.edu/INTERFEROMETRY_GRD/UA/silver_34715_20011-001_20016-002_0019d_s01_L090_01_int_grd.zip,34715,d23fff3271b9c3a6e1771e6ac973f108,-1,silver_34715_20011-001_20016-002_0019d_s01_L090_01_int_grd.zip,,UA_silver_34715_20011-001_20016-002_0019d_s01_L090_01,863,,-1,43.295049,,"Ground projected interferogram product, one file per pair of repeat tracks, complex floating point format 8 bytes per pixel, little endian.",Ground Projected Interferogram,34715,,2020-02-21T01:22:11Z,,43.02505904,RPI,,UA_silver_34715_20011-001_20016-002_0019d_s01_L090_01,UAVSAR_INSAR_SCENE,,43.1634994706865,,UAVSAR,UA_silver_34715_20011-001_20016-002_0019d_s01_L090_01,863,"Silver City, ID",https://datapool.asf.alaska.edu/THUMBNAIL/UA/silver_34715_20011-001_20016-002_0019d_s01_L090HV_01.legendAmp1_THUMBNAIL.jpg,L,,-1,43.35394689,UA_silver_34715_20011-001_20016-002_0019d_s01_L090_01,L1,,863,1434.12328053,https://datapool.asf.alaska.edu/BROWSE/UA/silver_34715_20011-001_20016-002_0019d_s01_L090HH_01.cor.png,42.97212277,-116.57738242,,,0,2020-03-11T17:13:45Z,INTERFEROMETRY_GRD,-1
2020-10-31T00:44:13Z,"Rocky Mountains NP, CO",,UA_rockmt_14107_20008-006_20013-006_0007d_s01_L090_01-INTERFEROMETRY_GRD,RPI,HH,14107,-105.82815159,-106.07524119,-105.853208017192,,Repeat Pass Interferometry,,2020-02-26T18:24:41Z,-105.87467186,,"POLYGON((-106.075241 40.566956,-105.874672 40.685577,-105.633127 40.460820,-105.828152 40.344903,-106.075241 40.566956))",,UAVSAR,https://datapool.asf.alaska.edu/INTERFEROMETRY_GRD/UA/rockmt_14107_20008-006_20013-006_0007d_s01_L090_01_int_grd.zip,14107,4af3ed23029e6056867f35a4a8751a97,-1,rockmt_14107_20008-006_20013-006_0007d_s01_L090_01_int_grd.zip,,UA_rockmt_14107_20008-006_20013-006_0007d_s01_L090_01,810,,-1,40.56695553,,"Ground projected interferogram product, one file per pair of repeat tracks, complex floating point format 8 bytes per pixel, little endian.",Ground Projected Interferogram,14107,,2020-02-19T18:01:20Z,,40.46081978,RPI,,UA_rockmt_14107_20008-006_20013-006_0007d_s01_L090_01,UAVSAR_INSAR_SCENE,,40.515095961909,,UAVSAR,UA_rockmt_14107_20008-006_20013-006_0007d_s01_L090_01,810,"Rocky Mountains NP, CO",https://datapool.asf.alaska.edu/THUMBNAIL/UA/rockmt_14107_20008-006_20013-006_0007d_s01_L090HH_01.amp1_THUMBNAIL.jpg,L,,-1,40.6855774,UA_rockmt_14107_20008-006_20013-006_0007d_s01_L090_01,L1,,810,1233.3132906,https://datapool.asf.alaska.edu/BROWSE/UA/rockmt_14107_20008-006_20013-006_0007d_s01_L090HH_01.cor.png,40.34490313,-105.63312665,,,0,2020-02-26T18:24:41Z,INTERFEROMETRY_GRD,-1
2020-07-22T08:07:32Z,"Grand Mesa, CO",,UA_grmesa_27416_20003-028_20013-004_0025d_s01_L090_01-INTERFEROMETRY_GRD,RPI,HH,27416,-108.30299538,-108.2808367,-108.109678013583,,Repeat Pass Interferometry,,2020-02-26T17:40:54Z,-107.91315282,,"POLYGON((-108.280837 39.156633,-107.913153 39.120830,-107.931714 38.957884,-108.302995 38.979969,-108.280837 39.156633))",,UAVSAR,https://datapool.asf.alaska.edu/INTERFEROMETRY_GRD/UA/grmesa_27416_20003-028_20013-004_0025d_s01_L090_01_int_grd.zip,27416,a78f159e2f6836bc28ad7679d3589f48,-1,grmesa_27416_20003-028_20013-004_0025d_s01_L090_01_int_grd.zip,,UA_grmesa_27416_20003-028_20013-004_0025d_s01_L090_01,781,,-1,39.15663311,,"Ground projected interferogram product, one file per pair of repeat tracks, complex floating point format 8 bytes per pixel, little endian.",Ground Projected Interferogram,27416,,2020-02-01T02:13:16Z,,38.95788428,RPI,,UA_grmesa_27416_20003-028_20013-004_0025d_s01_L090_01,UAVSAR_INSAR_SCENE,,39.0540660417286,,UAVSAR,UA_grmesa_27416_20003-028_20013-004_0025d_s01_L090_01,781,"Grand Mesa, CO",https://datapool.asf.alaska.edu/THUMBNAIL/UA/grmesa_27416_20003-028_20013-004_0025d_s01_L090HH_01.osr_THUMBNAIL.jpg,L,,-1,39.12083037,UA_grmesa_27416_20003-028_20013-004_0025d_s01_L090_01,L1,,781,262.023056984,https://datapool.asf.alaska.edu/BROWSE/UA/grmesa_27416_20003-028_20013-004_0025d_s01_L090HH_01.cor.png,38.97996885,-107.93171385,,,0,2020-02-26T17:40:54Z,INTERFEROMETRY_GRD,-1
2020-04-18T06:21:20Z,"Grand Mesa, CO",,UA_grmesa_27416_20008-004_20013-004_0007d_s01_L090_01-INTERFEROMETRY_GRD,RPI,HH,27416,-108.37235599,-108.3561448,-108.131937119643,,Repeat Pass Interferometry,,2020-02-26T17:40:39Z,-107.88174295,,"POLYGON((-108.356145 39.169140,-107.881743 39.116924,-107.896543 38.955207,-108.372356 38.984212,-108.356145 39.169140))",,UAVSAR,https://datapool.asf.alaska.edu/INTERFEROMETRY_GRD/UA/grmesa_27416_20008-004_20013-004_0007d_s01_L090_01_int_grd.zip,27416,8c0977718bc5a21c5d2263bf4b821b18,-1,grmesa_27416_20008-004_20013-004_0007d_s01_L090_01_int_grd.zip,,UA_grmesa_27416_20008-004_20013-004_0007d_s01_L090_01,781,,-1,39.16913967,,"Ground projected interferogram product, one file per pair of repeat tracks, complex floating point format 8 bytes per pixel, little endian.",Ground Projected Interferogram,27416,,2020-02-19T17:24:03Z,,38.95520733,RPI,,UA_grmesa_27416_20008-004_20013-004_0007d_s01_L090_01,UAVSAR_INSAR_SCENE,,39.0570515715349,,UAVSAR,UA_grmesa_27416_20008-004_20013-004_0007d_s01_L090_01,781,"Grand Mesa, CO",https://datapool.asf.alaska.edu/THUMBNAIL/UA/grmesa_27416_20008-004_20013-004_0007d_s01_L090HV_01.unw_THUMBNAIL.jpg,L,,-1,39.11692378,UA_grmesa_27416_20008-004_20013-004_0007d_s01_L090_01,L1,,781,1431.32273674,https://datapool.asf.alaska.edu/BROWSE/UA/grmesa_27416_20008-004_20013-004_0007d_s01_L090HH_01.cor.png,38.98421191,-107.89654332,,,0,2020-02-26T17:40:39Z,INTERFEROMETRY_GRD,-1
2020-07-23T05:44:47Z,"Peeler Peak, CO",,UA_peeler_31619_20008-003_20013-003_0007d_s01_L090_01-INTERFEROMETRY_GRD,RPI,HH,31619,-106.89019692,-107.15060204,-106.943124049617,,Repeat Pass Interferometry,,2020-02-26T17:25:09Z,-106.99695502,,"POLYGON((-107.150602 39.014542,-106.996955 39.137653,-106.735703 38.931604,-106.890197 38.808175,-107.150602 39.014542))",,UAVSAR,https://datapool.asf.alaska.edu/INTERFEROMETRY_GRD/UA/peeler_31619_20008-003_20013-003_0007d_s01_L090_01_int_grd.zip,31619,ace83d8acdc9e02ca299f4492460b6a4,-1,peeler_31619_20008-003_20013-003_0007d_s01_L090_01_int_grd.zip,,UA_peeler_31619_20008-003_20013-003_0007d_s01_L090_01,779,,-1,39.01454242,,"Ground projected interferogram product, one file per pair of repeat tracks, complex floating point format 8 bytes per pixel, little endian.",Ground Projected Interferogram,31619,,2020-02-19T17:02:45Z,,38.93160375,RPI,,UA_peeler_31619_20008-003_20013-003_0007d_s01_L090_01,UAVSAR_INSAR_SCENE,,38.9730006127361,,UAVSAR,UA_peeler_31619_20008-003_20013-003_0007d_s01_L090_01,779,"Peeler Peak, CO",https://datapool.asf.alaska.edu/THUMBNAIL/UA/peeler_31619_20008-003_20013-003_0007d_s01_L090HV_01.legendInt_THUMBNAIL.jpg,L,,-1,39.13765275,UA_peeler_31619_20008-003_20013-003_0007d_s01_L090_01,L1,,779,1108.95878887,https://datapool.asf.alaska.edu/BROWSE/UA/peeler_31619_20008-003_20013-003_0007d_s01_L090HH_01.cor.png,38.80817513,-106.73570293,,,0,2020-02-26T17:25:09Z,INTERFEROMETRY_GRD,-1
2020-04-24T06:53:54Z,"Lowman, CO",,UA_lowman_23205_20007-003_20011-003_0008d_s01_L090_01-INTERFEROMETRY_GRD,RPI,HH,23205,-116.36884049,-115.13277195,-115.688414680698,,Repeat Pass Interferometry,,2020-02-21T01:53:17Z,-114.98853942,,"POLYGON((-115.132772 44.439165,-114.988539 44.302836,-116.210081 43.628776,-116.368840 43.778315,-115.132772 44.439165))",,UAVSAR,https://datapool.asf.alaska.edu/INTERFEROMETRY_GRD/UA/lowman_23205_20007-003_20011-003_0008d_s01_L090_01_int_grd.zip,23205,4da59b7df4c1e7011afddc56a4c4a3de,-1,lowman_23205_20007-003_20011-003_0008d_s01_L090_01_int_grd.zip,,UA_lowman_23205_20007-003_20011-003_0008d_s01_L090_01,881,,-1,44.43916499,,"Ground projected interferogram product, one file per pair of repeat tracks, complex floating point format 8 bytes per pixel, little endian.",Ground Projected Interferogram,23205,,2020-02-13T20:47:43Z,,43.62877609,RPI,,UA_lowman_23205_20007-003_20011-003_0008d_s01_L090_01,UAVSAR_INSAR_SCENE,,44.0335041086487,,UAVSAR,UA_lowman_23205_20007-003_20011-003_0008d_s01_L090_01,881,"Lowman, CO",https://datapool.asf.alaska.edu/THUMBNAIL/UA/lowman_23205_20007-003_20011-003_0008d_s01_L090HV_01.osr_THUMBNAIL.jpg,L,,-1,44.30283648,UA_lowman_23205_20007-003_20011-003_0008d_s01_L090_01,L1,,881,4742.20021629,https://datapool.asf.alaska.edu/BROWSE/UA/lowman_23205_20007-003_20011-003_0008d_s01_L090HH_01.cor.png,43.77831519,-116.21008123,,,0,2020-02-21T01:53:17Z,INTERFEROMETRY_GRD,-1
2020-04-24T07:04:42Z,"Rocky Mountains NP, CO",,UA_rockmt_32109_20005-012_20008-009_0007d_s01_L090_01-INTERFEROMETRY_GRD,RPI,HH,32109,-105.78484076,-106.02438733,-105.811010730173,,Repeat Pass Interferometry,,2020-02-19T18:42:54Z,-105.83907733,,"POLYGON((-106.024387 40.506279,-105.839077 40.629815,-105.597269 40.405923,-105.784841 40.280924,-106.024387 40.506279))",,UAVSAR,https://datapool.asf.alaska.edu/INTERFEROMETRY_GRD/UA/rockmt_32109_20005-012_20008-009_0007d_s01_L090_01_int_grd.zip,32109,18f9bea00d6ce020b4ca770c1257707a,-1,rockmt_32109_20005-012_20008-009_0007d_s01_L090_01_int_grd.zip,,UA_rockmt_32109_20005-012_20008-009_0007d_s01_L090_01,809,,-1,40.50627889,,"Ground projected interferogram product, one file per pair of repeat tracks, complex floating point format 8 bytes per pixel, little endian.",Ground Projected Interferogram,32109,,2020-02-12T18:10:13Z,,40.40592301,RPI,,UA_rockmt_32109_20005-012_20008-009_0007d_s01_L090_01,UAVSAR_INSAR_SCENE,,40.4555722580019,,UAVSAR,UA_rockmt_32109_20005-012_20008-009_0007d_s01_L090_01,809,"Rocky Mountains NP, CO",https://datapool.asf.alaska.edu/THUMBNAIL/UA/rockmt_32109_20005-012_20008-009_0007d_s01_L090VH_01.amp2_THUMBNAIL.jpg,L,,-1,40.62981477,UA_rockmt_32109_20005-012_20008-009_0007d_s01_L090_01,L1,,809,1186.01118851,https://datapool.asf.alaska.edu/BROWSE/UA/rockmt_32109_20005-012_20008-009_0007d_s01_L090HH_01.cor.png,40.28092435,-105.59726884,,,0,2020-02-19T18:42:54Z,INTERFEROMETRY_GRD,-1
2020-10-31T00:32:56Z,"Rocky Mountains NP, CO",,UA_rockmt_14107_20005-009_20008-006_0007d_s01_L090_01-INTERFEROMETRY_GRD,RPI,HH,14107,-105.78077119,-106.09800397,-105.841590385621,,Repeat Pass Interferometry,,2020-02-19T18:01:09Z,-105.89402368,,"POLYGON((-106.098004 40.587196,-105.894024 40.705768,-105.588773 40.414884,-105.780771 40.302036,-106.098004 40.587196))",,UAVSAR,https://datapool.asf.alaska.edu/INTERFEROMETRY_GRD/UA/rockmt_14107_20005-009_20008-006_0007d_s01_L090_01_int_grd.zip,14107,5b849e0dd784e0ae34454c0eccf4423a,-1,rockmt_14107_20005-009_20008-006_0007d_s01_L090_01_int_grd.zip,,UA_rockmt_14107_20005-009_20008-006_0007d_s01_L090_01,810,,-1,40.58719551,,"Ground projected interferogram product, one file per pair of repeat tracks, complex floating point format 8 bytes per pixel, little endian.",Ground Projected Interferogram,14107,,2020-02-12T17:27:06Z,,40.41488392,RPI,,UA_rockmt_14107_20005-009_20008-006_0007d_s01_L090_01,UAVSAR_INSAR_SCENE,,40.5038714992618,,UAVSAR,UA_rockmt_14107_20005-009_20008-006_0007d_s01_L090_01,810,"Rocky Mountains NP, CO",https://datapool.asf.alaska.edu/THUMBNAIL/UA/rockmt_14107_20005-009_20008-006_0007d_s01_L090HH_01.amp1_THUMBNAIL.jpg,L,,-1,40.70576826,UA_rockmt_14107_20005-009_20008-006_0007d_s01_L090_01,L1,,810,1570.01191139,https://datapool.asf.alaska.edu/BROWSE/UA/rockmt_14107_20005-009_20008-006_0007d_s01_L090HH_01.cor.png,40.30203617,-105.58877306,,,0,2020-02-19T18:01:09Z,INTERFEROMETRY_GRD,-1
2020-07-23T02:12:36Z,"Grand Mesa, CO",,UA_grmesa_27416_20003-028_20008-004_0018d_s01_L090_01-INTERFEROMETRY_GRD,RPI,HH,27416,-108.30161607,-108.28307174,-108.109761764741,,Repeat Pass Interferometry,,2020-02-19T17:24:18Z,-107.91396452,,"POLYGON((-108.283072 39.156616,-107.913965 39.120882,-107.930536 38.957777,-108.301616 38.979870,-108.283072 39.156616))",,UAVSAR,https://datapool.asf.alaska.edu/INTERFEROMETRY_GRD/UA/grmesa_27416_20003-028_20008-004_0018d_s01_L090_01_int_grd.zip,27416,18a9ff869025f3e470c5e89f34bf8534,-1,grmesa_27416_20003-028_20008-004_0018d_s01_L090_01_int_grd.zip,,UA_grmesa_27416_20003-028_20008-004_0018d_s01_L090_01,781,,-1,39.15661566,,"Ground projected interferogram product, one file per pair of repeat tracks, complex floating point format 8 bytes per pixel, little endian.",Ground Projected Interferogram,27416,,2020-02-01T02:13:16Z,,38.95777724,RPI,,UA_grmesa_27416_20003-028_20008-004_0018d_s01_L090_01,UAVSAR_INSAR_SCENE,,39.0540732979435,,UAVSAR,UA_grmesa_27416_20003-028_20008-004_0018d_s01_L090_01,781,"Grand Mesa, CO",https://datapool.asf.alaska.edu/THUMBNAIL/UA/grmesa_27416_20003-028_20008-004_0018d_s01_L090HH_01.amp1_THUMBNAIL.jpg,L,,-1,39.12088182,UA_grmesa_27416_20003-028_20008-004_0018d_s01_L090_01,L1,,781,263.288983345,https://datapool.asf.alaska.edu/BROWSE/UA/grmesa_27416_20003-028_20008-004_0018d_s01_L090HH_01.cor.png,38.97987027,-107.93053586,,,0,2020-02-19T17:24:18Z,INTERFEROMETRY_GRD,-1
2020-07-23T04:44:27Z,"Grand Mesa, CO",,UA_grmesa_27416_20005-007_20008-004_0007d_s01_L090_01-INTERFEROMETRY_GRD,RPI,HH,27416,-108.37375863,-108.35873903,-108.133260129111,,Repeat Pass Interferometry,,2020-02-19T17:24:04Z,-107.88327186,,"POLYGON((-108.358739 39.167837,-107.883272 39.117126,-107.897633 38.955307,-108.373759 38.984323,-108.358739 39.167837))",,UAVSAR,https://datapool.asf.alaska.edu/INTERFEROMETRY_GRD/UA/grmesa_27416_20005-007_20008-004_0007d_s01_L090_01_int_grd.zip,27416,5c43b4132115e8897ab0c3ebeb2f8a01,-1,grmesa_27416_20005-007_20008-004_0007d_s01_L090_01_int_grd.zip,,UA_grmesa_27416_20005-007_20008-004_0007d_s01_L090_01,781,,-1,39.16783741,,"Ground projected interferogram product, one file per pair of repeat tracks, complex floating point format 8 bytes per pixel, little endian.",Ground Projected Interferogram,27416,,2020-02-12T16:47:07Z,,38.95530681,RPI,,UA_grmesa_27416_20005-007_20008-004_0007d_s01_L090_01,UAVSAR_INSAR_SCENE,,39.0568092871255,,UAVSAR,UA_grmesa_27416_20005-007_20008-004_0007d_s01_L090_01,781,"Grand Mesa, CO",https://datapool.asf.alaska.edu/THUMBNAIL/UA/grmesa_27416_20005-007_20008-004_0007d_s01_L090HV_01.legendAmp2_THUMBNAIL.jpg,L,,-1,39.11712649,UA_grmesa_27416_20005-007_20008-004_0007d_s01_L090_01,L1,,781,1429.46037579,https://datapool.asf.alaska.edu/BROWSE/UA/grmesa_27416_20005-007_20008-004_0007d_s01_L090HH_01.cor.png,38.98432344,-107.89763287,,,0,2020-02-19T17:24:04Z,INTERFEROMETRY_GRD,-1
2020-05-06T07:16:42Z,"Peeler Peak, CO",,UA_peeler_31619_20005-006_20008-003_0007d_s01_L090_01-INTERFEROMETRY_GRD,RPI,HH,31619,-106.88953342,-107.14998013,-106.942700078736,,Repeat Pass Interferometry,,2020-02-19T17:02:45Z,-106.99672093,,"POLYGON((-107.149980 39.013987,-106.996721 39.137521,-106.735489 38.931457,-106.889533 38.807658,-107.149980 39.013987))",,UAVSAR,https://datapool.asf.alaska.edu/INTERFEROMETRY_GRD/UA/peeler_31619_20005-006_20008-003_0007d_s01_L090_01_int_grd.zip,31619,df67c1281373d75e825829af2ab5342d,-1,peeler_31619_20005-006_20008-003_0007d_s01_L090_01_int_grd.zip,,UA_peeler_31619_20005-006_20008-003_0007d_s01_L090_01,779,,-1,39.01398658,,"Ground projected interferogram product, one file per pair of repeat tracks, complex floating point format 8 bytes per pixel, little endian.",Ground Projected Interferogram,31619,,2020-02-12T16:37:57Z,,38.93145665,RPI,,UA_peeler_31619_20005-006_20008-003_0007d_s01_L090_01,UAVSAR_INSAR_SCENE,,38.9726702879325,,UAVSAR,UA_peeler_31619_20005-006_20008-003_0007d_s01_L090_01,779,"Peeler Peak, CO",https://datapool.asf.alaska.edu/THUMBNAIL/UA/peeler_31619_20005-006_20008-003_0007d_s01_L090HH_01.unw_THUMBNAIL.jpg,L,,-1,39.13752122,UA_peeler_31619_20005-006_20008-003_0007d_s01_L090_01,L1,,779,1107.10698891,https://datapool.asf.alaska.edu/BROWSE/UA/peeler_31619_20005-006_20008-003_0007d_s01_L090HH_01.cor.png,38.80765811,-106.73548936,,,0,2020-02-19T17:02:45Z,INTERFEROMETRY_GRD,-1
2020-07-23T06:37:15Z,"Lowman, CO",,UA_lowman_23205_20002-007_20007-003_0013d_s01_L090_01-INTERFEROMETRY_GRD,RPI,HH,23205,-116.42912267,-115.10204143,-115.70791920637,,Repeat Pass Interferometry,,2020-02-13T20:47:30Z,-114.96087513,,"POLYGON((-115.102041 44.454876,-114.960875 44.317645,-116.271647 43.593582,-116.429123 43.748203,-115.102041 44.454876))",,UAVSAR,https://datapool.asf.alaska.edu/INTERFEROMETRY_GRD/UA/lowman_23205_20002-007_20007-003_0013d_s01_L090_01_int_grd.zip,23205,9f92976f160b88c6e9bf30ff94d3abd1,-1,lowman_23205_20002-007_20007-003_0013d_s01_L090_01_int_grd.zip,,UA_lowman_23205_20002-007_20007-003_0013d_s01_L090_01,880,,-1,44.45487583,,"Ground projected interferogram product, one file per pair of repeat tracks, complex floating point format 8 bytes per pixel, little endian.",Ground Projected Interferogram,23205,,2020-01-31T21:30:00Z,,43.59358179,RPI,,UA_lowman_23205_20002-007_20007-003_0013d_s01_L090_01,UAVSAR_INSAR_SCENE,,44.023351957801,,UAVSAR,UA_lowman_23205_20002-007_20007-003_0013d_s01_L090_01,880,"Lowman, CO",https://datapool.asf.alaska.edu/THUMBNAIL/UA/lowman_23205_20002-007_20007-003_0013d_s01_L090VV_01.legendAmp1_THUMBNAIL.jpg,L,,-1,44.31764475,UA_lowman_23205_20002-007_20007-003_0013d_s01_L090_01,L1,,880,4221.85399151,https://datapool.asf.alaska.edu/BROWSE/UA/lowman_23205_20002-007_20007-003_0013d_s01_L090HH_01.cor.png,43.74820284,-116.27164655,,,0,2020-02-13T20:47:30Z,INTERFEROMETRY_GRD,-1
2020-10-31T00:18:31Z,"Rocky Mountains NP, CO",,UA_rockmt_14107_20003-000_20005-009_0011d_s01_L090_01-INTERFEROMETRY_GRD,RPI,HH,14107,-105.77961111,-106.09158596,-105.840323393125,,Repeat Pass Interferometry,,2020-02-12T17:27:06Z,-105.89646296,,"POLYGON((-106.091586 40.581784,-105.896463 40.708424,-105.590955 40.416976,-105.779611 40.296360,-106.091586 40.581784))",,UAVSAR,https://datapool.asf.alaska.edu/INTERFEROMETRY_GRD/UA/rockmt_14107_20003-000_20005-009_0011d_s01_L090_01_int_grd.zip,14107,d68b77b57026ed9e0affd61b61954055,-1,rockmt_14107_20003-000_20005-009_0011d_s01_L090_01_int_grd.zip,,UA_rockmt_14107_20003-000_20005-009_0011d_s01_L090_01,810,,-1,40.58178354,,"Ground projected interferogram product, one file per pair of repeat tracks, complex floating point format 8 bytes per pixel, little endian.",Ground Projected Interferogram,14107,,2020-02-01T01:15:13Z,,40.41697553,RPI,,UA_rockmt_14107_20003-000_20005-009_0011d_s01_L090_01,UAVSAR_INSAR_SCENE,,40.5019613427762,,UAVSAR,UA_rockmt_14107_20003-000_20005-009_0011d_s01_L090_01,810,"Rocky Mountains NP, CO",https://datapool.asf.alaska.edu/THUMBNAIL/UA/rockmt_14107_20003-000_20005-009_0011d_s01_L090HH_01.amp1_THUMBNAIL.jpg,L,,-1,40.70842399,UA_rockmt_14107_20003-000_20005-009_0011d_s01_L090_01,L1,,810,1362.01083755,https://datapool.asf.alaska.edu/BROWSE/UA/rockmt_14107_20003-000_20005-009_0011d_s01_L090HH_01.cor.png,40.2963599,-105.59095543,,,0,2020-02-12T17:27:06Z,INTERFEROMETRY_GRD,-1
2020-04-18T06:29:35Z,"Grand Mesa, CO",,UA_grmesa_27416_20003-028_20005-007_0011d_s01_L090_01-INTERFEROMETRY_GRD,RPI,HH,27416,-108.30396089,-108.28273699,-108.1108366891,,Repeat Pass Interferometry,,2020-02-12T16:47:20Z,-107.91433016,,"POLYGON((-108.282737 39.156677,-107.914330 39.120971,-107.932398 38.957915,-108.303961 38.980003,-108.282737 39.156677))",,UAVSAR,https://datapool.asf.alaska.edu/INTERFEROMETRY_GRD/UA/grmesa_27416_20003-028_20005-007_0011d_s01_L090_01_int_grd.zip,27416,f0167de027d02f203a1932ff0eeb947e,-1,grmesa_27416_20003-028_20005-007_0011d_s01_L090_01_int_grd.zip,,UA_grmesa_27416_20003-028_20005-007_0011d_s01_L090_01,781,,-1,39.15667695,,"Ground projected interferogram product, one file per pair of repeat tracks, complex floating point format 8 bytes per pixel, little endian.",Ground Projected Interferogram,27416,,2020-02-01T02:13:16Z,,38.95791463,RPI,,UA_grmesa_27416_20003-028_20005-007_0011d_s01_L090_01,UAVSAR_INSAR_SCENE,,39.0541405706711,,UAVSAR,UA_grmesa_27416_20003-028_20005-007_0011d_s01_L090_01,781,"Grand Mesa, CO",https://datapool.asf.alaska.edu/THUMBNAIL/UA/grmesa_27416_20003-028_20005-007_0011d_s01_L090VH_01.cor_THUMBNAIL.jpg,L,,-1,39.12097095,UA_grmesa_27416_20003-028_20005-007_0011d_s01_L090_01,L1,,781,1061.26703167,https://datapool.asf.alaska.edu/BROWSE/UA/grmesa_27416_20003-028_20005-007_0011d_s01_L090HH_01.cor.png,38.98000305,-107.93239805,,,0,2020-02-12T16:47:20Z,INTERFEROMETRY_GRD,-1
2020-08-12T00:08:46Z,"Peeler Peak, CO",,UA_peeler_31619_19084-021_20005-006_0054d_s01_L090_01-INTERFEROMETRY_GRD,RPI,HH,31619,-106.8903652,-107.15121245,-106.941839077132,,Repeat Pass Interferometry,,2020-02-12T16:37:56Z,-106.99457244,,"POLYGON((-107.151212 39.015100,-106.994572 39.135183,-106.732392 38.928850,-106.890365 38.808326,-107.151212 39.015100))",,UAVSAR,https://datapool.asf.alaska.edu/INTERFEROMETRY_GRD/UA/peeler_31619_19084-021_20005-006_0054d_s01_L090_01_int_grd.zip,31619,86c97cfb0f247e48bf5f36e627e366c7,-1,peeler_31619_19084-021_20005-006_0054d_s01_L090_01_int_grd.zip,,UA_peeler_31619_19084-021_20005-006_0054d_s01_L090_01,779,,-1,39.01510022,,"Ground projected interferogram product, one file per pair of repeat tracks, complex floating point format 8 bytes per pixel, little endian.",Ground Projected Interferogram,31619,,2019-12-20T20:57:18Z,,38.92884966,RPI,,UA_peeler_31619_19084-021_20005-006_0054d_s01_L090_01,UAVSAR_INSAR_SCENE,,38.9718412373444,,UAVSAR,UA_peeler_31619_19084-021_20005-006_0054d_s01_L090_01,779,"Peeler Peak, CO",https://datapool.asf.alaska.edu/THUMBNAIL/UA/peeler_31619_19084-021_20005-006_0054d_s01_L090HV_01.osa_THUMBNAIL.jpg,L,,-1,39.13518328,UA_peeler_31619_19084-021_20005-006_0054d_s01_L090_01,L1,,779,961.105124474,https://datapool.asf.alaska.edu/BROWSE/UA/peeler_31619_19084-021_20005-006_0054d_s01_L090HH_01.cor.png,38.80832587,-106.73239165,,,0,2020-02-12T16:37:56Z,INTERFEROMETRY_GRD,-1
2020-11-19T18:49:39Z,"Lowman, CO",,UA_lowman_23205_19084-017_20002-007_0042d_s01_L090_01-INTERFEROMETRY_GRD,RPI,HH,23205,-116.36210269,-115.12998616,-115.687458240752,,Repeat Pass Interferometry,,2020-01-31T21:30:13Z,-114.99196088,,"POLYGON((-115.129986 44.440680,-114.991961 44.301153,-116.212387 43.627442,-116.362103 43.781994,-115.129986 44.440680))",,UAVSAR,https://datapool.asf.alaska.edu/INTERFEROMETRY_GRD/UA/lowman_23205_19084-017_20002-007_0042d_s01_L090_01_int_grd.zip,23205,4b74206fa077b9d5ed3108274451b07e,-1,lowman_23205_19084-017_20002-007_0042d_s01_L090_01_int_grd.zip,,UA_lowman_23205_19084-017_20002-007_0042d_s01_L090_01,881,,-1,44.44067977,,"Ground projected interferogram product, one file per pair of repeat tracks, complex floating point format 8 bytes per pixel, little endian.",Ground Projected Interferogram,23205,,2019-12-20T19:31:07Z,,43.62744199,RPI,,UA_lowman_23205_19084-017_20002-007_0042d_s01_L090_01,UAVSAR_INSAR_SCENE,,44.034000097419,,UAVSAR,UA_lowman_23205_19084-017_20002-007_0042d_s01_L090_01,881,"Lowman, CO",https://datapool.asf.alaska.edu/THUMBNAIL/UA/lowman_23205_19084-017_20002-007_0042d_s01_L090HH_01.amp1_THUMBNAIL.jpg,L,,-1,44.30115318,UA_lowman_23205_19084-017_20002-007_0042d_s01_L090_01,L1,,881,3940.28923512,https://datapool.asf.alaska.edu/BROWSE/UA/lowman_23205_19084-017_20002-007_0042d_s01_L090HH_01.cor.png,43.78199429,-116.21238663,,,0,2020-01-31T21:30:13Z,INTERFEROMETRY_GRD,-1
2018-10-02T19:25:55Z,"Grand Mesa, CO",,UA_GrMesa_26108_16095-005_17091-005_0313d_s01_L090_01-INTERFEROMETRY_GRD,RPI,HH,26108,-108.3346,-108.37,-107.9641,,Repeat Pass Interferometry,,2017-09-05T18:26:13Z,-107.5831,,"POLYGON((-108.369953 39.200579,-107.583129 39.282851,-107.550423 39.109161,-108.334638 39.015020,-108.369953 39.200579))",,UAVSAR,https://datapool.asf.alaska.edu/INTERFEROMETRY_GRD/UA/GrMesa_26108_16095-005_17091-005_0313d_s01_L090_01_int_grd.zip,26108,0d3821344ce06ab2d1d24c2cf03c75f9,16095,GrMesa_26108_16095-005_17091-005_0313d_s01_L090_01_int_grd.zip,,UA_GrMesa_26108_16095-005_17091-005_0313d_s01_L090_01,783,,-1,39.2006,,"Ground projected interferogram product, one file per pair of repeat tracks, complex floating point format 8 bytes per pixel, little endian.",Ground Projected Interferogram,26108,,2016-10-27T22:57:59Z,,39.1092,RPI,,UA_GrMesa_26108_16095-005_17091-005_0313d_s01_L090_01,UAVSAR_INSAR_SCENE,,39.152,,UAVSAR,UA_GrMesa_26108_16095-005_17091-005_0313d_s01_L090_01,783,"Grand Mesa, CO",https://datapool.asf.alaska.edu/THUMBNAIL/UA/GrMesa_26108_16095-005_17091-005_0313d_s01_L090HH_01.unw_THUMBNAIL.jpg,L,,0,39.2829,UA_GrMesa_26108_16095-005_17091-005_0313d_s01_L090_01,L1,,783,646.54,https://datapool.asf.alaska.edu/BROWSE/UA/GrMesa_26108_16095-005_17091-005_0313d_s01_L090HH_01.cor.png,39.015,-107.5504,,,0,2017-09-05T18:26:13Z,INTERFEROMETRY_GRD,-1
2018-10-02T18:05:14Z,"Grand Mesa, CO",,UA_GrMesa_08112_16095-004_17091-004_0313d_s01_L090_01-INTERFEROMETRY_GRD,RPI,HH,08112,-108.3211,-108.3709,-107.934,,Repeat Pass Interferometry,,2017-09-05T18:10:57Z,-107.5353,,"POLYGON((-108.370894 39.158273,-107.535324 39.267869,-107.491299 39.087389,-108.321074 38.967332,-108.370894 39.158273))",,UAVSAR,https://datapool.asf.alaska.edu/INTERFEROMETRY_GRD/UA/GrMesa_08112_16095-004_17091-004_0313d_s01_L090_01_int_grd.zip,08112,a54d27c5e07163d6a96444af24672a04,16095,GrMesa_08112_16095-004_17091-004_0313d_s01_L090_01_int_grd.zip,,UA_GrMesa_08112_16095-004_17091-004_0313d_s01_L090_01,782,,-1,39.1583,,"Ground projected interferogram product, one file per pair of repeat tracks, complex floating point format 8 bytes per pixel, little endian.",Ground Projected Interferogram,08112,,2016-10-27T22:43:32Z,,39.0874,RPI,,UA_GrMesa_08112_16095-004_17091-004_0313d_s01_L090_01,UAVSAR_INSAR_SCENE,,39.1204,,UAVSAR,UA_GrMesa_08112_16095-004_17091-004_0313d_s01_L090_01,782,"Grand Mesa, CO",https://datapool.asf.alaska.edu/THUMBNAIL/UA/GrMesa_08112_16095-004_17091-004_0313d_s01_L090HH_01.unw_THUMBNAIL.jpg,L,,0,39.2679,UA_GrMesa_08112_16095-004_17091-004_0313d_s01_L090_01,L1,,782,631.13,https://datapool.asf.alaska.edu/BROWSE/UA/GrMesa_08112_16095-004_17091-004_0313d_s01_L090HH_01.cor.png,38.9673,-107.4913,,,0,2017-09-05T18:10:57Z,INTERFEROMETRY_GRD,-1
2017-05-09T18:45:19Z,"Grand Mesa, CO",,UA_grmesa_08006_17016-002_17043-006_0037d_s01_L090_01-INTERFEROMETRY_GRD,RPI,HH,08006,-108.3881,-108.4345,-108.0568,,Repeat Pass Interferometry,,2017-03-31T20:20:16Z,-107.7056,,"POLYGON((-108.434544 39.107824,-107.705601 39.214110,-107.665575 39.043821,-108.388074 38.913353,-108.434544 39.107824))",,UAVSAR,https://datapool.asf.alaska.edu/INTERFEROMETRY_GRD/UA/grmesa_08006_17016-002_17043-006_0037d_s01_L090_01_int_grd.zip,08006,7a5c534132777427ccf6ddf309b82fb0,17016,grmesa_08006_17016-002_17043-006_0037d_s01_L090_01_int_grd.zip,,UA_grmesa_08006_17016-002_17043-006_0037d_s01_L090_01,781,,-1,39.1078,,"Ground projected interferogram product, one file per pair of repeat tracks, complex floating point format 8 bytes per pixel, little endian.",Ground Projected Interferogram,08006,,2017-02-22T18:09:47Z,,39.0438,RPI,,UA_grmesa_08006_17016-002_17043-006_0037d_s01_L090_01,UAVSAR_INSAR_SCENE,,39.069,,UAVSAR,UA_grmesa_08006_17016-002_17043-006_0037d_s01_L090_01,781,"Grand Mesa, CO",https://datapool.asf.alaska.edu/THUMBNAIL/UA/grmesa_08006_17016-002_17043-006_0037d_s01_L090HH_01.unw_THUMBNAIL.jpg,L,,0,39.2141,UA_grmesa_08006_17016-002_17043-006_0037d_s01_L090_01,L1,,781,527.01,https://datapool.asf.alaska.edu/BROWSE/UA/grmesa_08006_17016-002_17043-006_0037d_s01_L090HH_01.cor.png,38.9134,-107.6656,,,0,2017-03-31T20:20:16Z,INTERFEROMETRY_GRD,-1
2018-03-16T00:43:23Z,"Grand Mesa, CO",,UA_grmesa_08006_17002-002_17043-006_0053d_s01_L090_01-INTERFEROMETRY_GRD,RPI,HH,08006,-108.4207,-108.4663,-108.0344,,Repeat Pass Interferometry,,2017-03-31T20:20:04Z,-107.6333,,"POLYGON((-108.466313 39.103270,-107.633297 39.223700,-107.592285 39.046577,-108.420719 38.910581,-108.466313 39.103270))",,UAVSAR,https://datapool.asf.alaska.edu/INTERFEROMETRY_GRD/UA/grmesa_08006_17002-002_17043-006_0053d_s01_L090_01_int_grd.zip,08006,93cbf59f224482aaefd97a916f81eba9,17002,grmesa_08006_17002-002_17043-006_0053d_s01_L090_01_int_grd.zip,,UA_grmesa_08006_17002-002_17043-006_0053d_s01_L090_01,781,,-1,39.1033,,"Ground projected interferogram product, one file per pair of repeat tracks, complex floating point format 8 bytes per pixel, little endian.",Ground Projected Interferogram,08006,,2017-02-06T18:07:44Z,,39.0466,RPI,,UA_grmesa_08006_17002-002_17043-006_0053d_s01_L090_01,UAVSAR_INSAR_SCENE,,39.0708,,UAVSAR,UA_grmesa_08006_17002-002_17043-006_0053d_s01_L090_01,781,"Grand Mesa, CO",https://datapool.asf.alaska.edu/THUMBNAIL/UA/grmesa_08006_17002-002_17043-006_0053d_s01_L090HH_01.unw_THUMBNAIL.jpg,L,,0,39.2237,UA_grmesa_08006_17002-002_17043-006_0053d_s01_L090_01,L1,,781,592.13,https://datapool.asf.alaska.edu/BROWSE/UA/grmesa_08006_17002-002_17043-006_0053d_s01_L090HH_01.cor.png,38.9106,-107.5923,,,0,2017-03-31T20:20:04Z,INTERFEROMETRY_GRD,-1
2017-05-10T00:32:23Z,"Grand Mesa, CO",,UA_grmesa_26006_17018-001_17043-005_0034d_s01_L090_01-INTERFEROMETRY_GRD,RPI,HH,26006,-108.4354,-108.4792,-108.0997,,Repeat Pass Interferometry,,2017-03-31T20:04:46Z,-107.7408,,"POLYGON((-108.479156 39.076896,-107.740799 39.142698,-107.703940 38.980295,-108.435364 38.886733,-108.479156 39.076896))",,UAVSAR,https://datapool.asf.alaska.edu/INTERFEROMETRY_GRD/UA/grmesa_26006_17018-001_17043-005_0034d_s01_L090_01_int_grd.zip,26006,b6b069b82bfc5234683db7b333b8c13b,17018,grmesa_26006_17018-001_17043-005_0034d_s01_L090_01_int_grd.zip,,UA_grmesa_26006_17018-001_17043-005_0034d_s01_L090_01,780,,-1,39.0769,,"Ground projected interferogram product, one file per pair of repeat tracks, complex floating point format 8 bytes per pixel, little endian.",Ground Projected Interferogram,26006,,2017-02-25T20:07:58Z,,38.9803,RPI,,UA_grmesa_26006_17018-001_17043-005_0034d_s01_L090_01,UAVSAR_INSAR_SCENE,,39.0212,,UAVSAR,UA_grmesa_26006_17018-001_17043-005_0034d_s01_L090_01,780,"Grand Mesa, CO",https://datapool.asf.alaska.edu/THUMBNAIL/UA/grmesa_26006_17018-001_17043-005_0034d_s01_L090HH_01.unw_THUMBNAIL.jpg,L,,0,39.1427,UA_grmesa_26006_17018-001_17043-005_0034d_s01_L090_01,L1,,780,490.75,https://datapool.asf.alaska.edu/BROWSE/UA/grmesa_26006_17018-001_17043-005_0034d_s01_L090HH_01.cor.png,38.8867,-107.7039,,,0,2017-03-31T20:04:46Z,INTERFEROMETRY_GRD,-1
2018-03-16T01:06:17Z,"Grand Mesa, CO",,UA_grmesa_26006_17002-001_17043-005_0053d_s01_L090_01-INTERFEROMETRY_GRD,RPI,HH,26006,-108.5054,-108.5536,-108.1215,,Repeat Pass Interferometry,,2017-03-31T20:04:33Z,-107.7095,,"POLYGON((-108.553557 39.066901,-107.709538 39.148077,-107.670934 38.985072,-108.505445 38.875419,-108.553557 39.066901))",,UAVSAR,https://datapool.asf.alaska.edu/INTERFEROMETRY_GRD/UA/grmesa_26006_17002-001_17043-005_0053d_s01_L090_01_int_grd.zip,26006,21010de0b3cbcaa2b9c5285a96727d05,17002,grmesa_26006_17002-001_17043-005_0053d_s01_L090_01_int_grd.zip,,UA_grmesa_26006_17002-001_17043-005_0053d_s01_L090_01,780,,-1,39.0669,,"Ground projected interferogram product, one file per pair of repeat tracks, complex floating point format 8 bytes per pixel, little endian.",Ground Projected Interferogram,26006,,2017-02-06T17:51:47Z,,38.9851,RPI,,UA_grmesa_26006_17002-001_17043-005_0053d_s01_L090_01,UAVSAR_INSAR_SCENE,,39.0183,,UAVSAR,UA_grmesa_26006_17002-001_17043-005_0053d_s01_L090_01,780,"Grand Mesa, CO",https://datapool.asf.alaska.edu/THUMBNAIL/UA/grmesa_26006_17002-001_17043-005_0053d_s01_L090VV_01.unw_THUMBNAIL.jpg,L,,0,39.1481,UA_grmesa_26006_17002-001_17043-005_0053d_s01_L090_01,L1,,780,2291.59,https://datapool.asf.alaska.edu/BROWSE/UA/grmesa_26006_17002-001_17043-005_0053d_s01_L090HH_01.cor.png,38.8754,-107.6709,,,0,2017-03-31T20:04:33Z,INTERFEROMETRY_GRD,-1
2018-03-16T01:54:34Z,"Grand Mesa, CO",,UA_grmesa_26006_17016-001_17043-005_0037d_s01_L090_01-INTERFEROMETRY_GRD,RPI,HH,26006,-108.5052,-108.5529,-108.1212,,Repeat Pass Interferometry,,2017-03-31T20:04:33Z,-107.7092,,"POLYGON((-108.552911 39.066986,-107.709232 39.148070,-107.670812 38.985091,-108.505197 38.875451,-108.552911 39.066986))",,UAVSAR,https://datapool.asf.alaska.edu/INTERFEROMETRY_GRD/UA/grmesa_26006_17016-001_17043-005_0037d_s01_L090_01_int_grd.zip,26006,f860e01edaa4e91a7ada58d41988f4fc,17016,grmesa_26006_17016-001_17043-005_0037d_s01_L090_01_int_grd.zip,,UA_grmesa_26006_17016-001_17043-005_0037d_s01_L090_01,780,,-1,39.067,,"Ground projected interferogram product, one file per pair of repeat tracks, complex floating point format 8 bytes per pixel, little endian.",Ground Projected Interferogram,26006,,2017-02-22T17:50:15Z,,38.9851,RPI,,UA_grmesa_26006_17016-001_17043-005_0037d_s01_L090_01,UAVSAR_INSAR_SCENE,,39.0184,,UAVSAR,UA_grmesa_26006_17016-001_17043-005_0037d_s01_L090_01,780,"Grand Mesa, CO",https://datapool.asf.alaska.edu/THUMBNAIL/UA/grmesa_26006_17016-001_17043-005_0037d_s01_L090VV_01.unw_THUMBNAIL.jpg,L,,0,39.1481,UA_grmesa_26006_17016-001_17043-005_0037d_s01_L090_01,L1,,780,2303.42,https://datapool.asf.alaska.edu/BROWSE/UA/grmesa_26006_17016-001_17043-005_0037d_s01_L090HH_01.cor.png,38.8755,-107.6708,,,0,2017-03-31T20:04:33Z,INTERFEROMETRY_GRD,-1
2017-05-22T18:06:05Z,"Grand Mesa, CO",,UA_grmesa_07805_17018-000_17043-004_0034d_s01_L090_01-INTERFEROMETRY_GRD,RPI,HH,07805,-108.4566,-108.5154,-108.0834,,Repeat Pass Interferometry,,2017-03-31T19:49:22Z,-107.6885,,"POLYGON((-108.515436 39.114044,-107.688481 39.256968,-107.638306 39.084943,-108.456617 38.920399,-108.515436 39.114044))",,UAVSAR,https://datapool.asf.alaska.edu/INTERFEROMETRY_GRD/UA/grmesa_07805_17018-000_17043-004_0034d_s01_L090_01_int_grd.zip,07805,276a8b86f0d83bb4afbeef01589730b3,17018,grmesa_07805_17018-000_17043-004_0034d_s01_L090_01_int_grd.zip,,UA_grmesa_07805_17018-000_17043-004_0034d_s01_L090_01,782,,-1,39.114,,"Ground projected interferogram product, one file per pair of repeat tracks, complex floating point format 8 bytes per pixel, little endian.",Ground Projected Interferogram,07805,,2017-02-25T19:54:10Z,,39.0849,RPI,,UA_grmesa_07805_17018-000_17043-004_0034d_s01_L090_01,UAVSAR_INSAR_SCENE,,39.0933,,UAVSAR,UA_grmesa_07805_17018-000_17043-004_0034d_s01_L090_01,782,"Grand Mesa, CO",https://datapool.asf.alaska.edu/THUMBNAIL/UA/grmesa_07805_17018-000_17043-004_0034d_s01_L090HH_01.unw_THUMBNAIL.jpg,L,,0,39.257,UA_grmesa_07805_17018-000_17043-004_0034d_s01_L090_01,L1,,782,606.58,https://datapool.asf.alaska.edu/BROWSE/UA/grmesa_07805_17018-000_17043-004_0034d_s01_L090HH_01.cor.png,38.9204,-107.6383,,,0,2017-03-31T19:49:22Z,INTERFEROMETRY_GRD,-1
2018-03-16T06:18:24Z,"Grand Mesa, CO",,UA_grmesa_07805_17016-000_17043-004_0037d_s01_L090_01-INTERFEROMETRY_GRD,RPI,HH,07805,-108.4597,-108.5164,-108.0858,,Repeat Pass Interferometry,,2017-03-31T19:49:21Z,-107.6892,,"POLYGON((-108.516354 39.113890,-107.689223 39.256830,-107.640467 39.084798,-108.459731 38.917906,-108.516354 39.113890))",,UAVSAR,https://datapool.asf.alaska.edu/INTERFEROMETRY_GRD/UA/grmesa_07805_17016-000_17043-004_0037d_s01_L090_01_int_grd.zip,07805,90174be653cbcbc24157720978698bbb,17016,grmesa_07805_17016-000_17043-004_0037d_s01_L090_01_int_grd.zip,,UA_grmesa_07805_17016-000_17043-004_0037d_s01_L090_01,782,,-1,39.1139,,"Ground projected interferogram product, one file per pair of repeat tracks, complex floating point format 8 bytes per pixel, little endian.",Ground Projected Interferogram,07805,,2017-02-22T17:35:26Z,,39.0848,RPI,,UA_grmesa_07805_17016-000_17043-004_0037d_s01_L090_01,UAVSAR_INSAR_SCENE,,39.0924,,UAVSAR,UA_grmesa_07805_17016-000_17043-004_0037d_s01_L090_01,782,"Grand Mesa, CO",https://datapool.asf.alaska.edu/THUMBNAIL/UA/grmesa_07805_17016-000_17043-004_0037d_s01_L090HH_01.unw_THUMBNAIL.jpg,L,,0,39.2568,UA_grmesa_07805_17016-000_17043-004_0037d_s01_L090_01,L1,,782,620.67,https://datapool.asf.alaska.edu/BROWSE/UA/grmesa_07805_17016-000_17043-004_0037d_s01_L090HH_01.cor.png,38.9179,-107.6405,,,0,2017-03-31T19:49:21Z,INTERFEROMETRY_GRD,-1
2018-03-16T00:31:22Z,"Grand Mesa, CO",,UA_grmesa_07805_17002-000_17043-004_0053d_s01_L090_01-INTERFEROMETRY_GRD,RPI,HH,07805,-108.4949,-108.5486,-108.0651,,Repeat Pass Interferometry,,2017-03-31T19:49:09Z,-107.6183,,"POLYGON((-108.548552 39.108341,-107.618299 39.268865,-107.570078 39.096197,-108.494929 38.920466,-108.548552 39.108341))",,UAVSAR,https://datapool.asf.alaska.edu/INTERFEROMETRY_GRD/UA/grmesa_07805_17002-000_17043-004_0053d_s01_L090_01_int_grd.zip,07805,6b4759d947c3ff11a0579074135dea21,17002,grmesa_07805_17002-000_17043-004_0053d_s01_L090_01_int_grd.zip,,UA_grmesa_07805_17002-000_17043-004_0053d_s01_L090_01,782,,-1,39.1083,,"Ground projected interferogram product, one file per pair of repeat tracks, complex floating point format 8 bytes per pixel, little endian.",Ground Projected Interferogram,07805,,2017-02-06T17:37:40Z,,39.0962,RPI,,UA_grmesa_07805_17002-000_17043-004_0053d_s01_L090_01,UAVSAR_INSAR_SCENE,,39.0982,,UAVSAR,UA_grmesa_07805_17002-000_17043-004_0053d_s01_L090_01,782,"Grand Mesa, CO",https://datapool.asf.alaska.edu/THUMBNAIL/UA/grmesa_07805_17002-000_17043-004_0053d_s01_L090HH_01.unw_THUMBNAIL.jpg,L,,0,39.2689,UA_grmesa_07805_17002-000_17043-004_0053d_s01_L090_01,L1,,782,679.29,https://datapool.asf.alaska.edu/BROWSE/UA/grmesa_07805_17002-000_17043-004_0053d_s01_L090HH_01.cor.png,38.9205,-107.5701,,,0,2017-03-31T19:49:09Z,INTERFEROMETRY_GRD,-1
2018-03-16T02:25:28Z,"Grand Mesa, CO",,UA_grmesa_07805_17002-000_17026-005_0030d_s01_L090_01-INTERFEROMETRY_GRD,RPI,HH,07805,-108.4549,-108.5152,-108.0823,,Repeat Pass Interferometry,,2017-03-08T19:29:53Z,-107.6885,,"POLYGON((-108.515217 39.114093,-107.688466 39.256957,-107.637297 39.084998,-108.454917 38.921647,-108.515217 39.114093))",,UAVSAR,https://datapool.asf.alaska.edu/INTERFEROMETRY_GRD/UA/grmesa_07805_17002-000_17026-005_0030d_s01_L090_01_int_grd.zip,07805,b9402045802d0f9c9f1aa8c145834101,17002,grmesa_07805_17002-000_17026-005_0030d_s01_L090_01_int_grd.zip,,UA_grmesa_07805_17002-000_17026-005_0030d_s01_L090_01,782,,-1,39.1141,,"Ground projected interferogram product, one file per pair of repeat tracks, complex floating point format 8 bytes per pixel, little endian.",Ground Projected Interferogram,07805,,2017-02-06T17:37:53Z,,39.085,RPI,,UA_grmesa_07805_17002-000_17026-005_0030d_s01_L090_01,UAVSAR_INSAR_SCENE,,39.0937,,UAVSAR,UA_grmesa_07805_17002-000_17026-005_0030d_s01_L090_01,782,"Grand Mesa, CO",https://datapool.asf.alaska.edu/THUMBNAIL/UA/grmesa_07805_17002-000_17026-005_0030d_s01_L090HH_01.unw_THUMBNAIL.jpg,L,,0,39.257,UA_grmesa_07805_17002-000_17026-005_0030d_s01_L090_01,L1,,782,622.16,https://datapool.asf.alaska.edu/BROWSE/UA/grmesa_07805_17002-000_17026-005_0030d_s01_L090HH_01.cor.png,38.9216,-107.6373,,,0,2017-03-08T19:29:53Z,INTERFEROMETRY_GRD,-1
2018-03-16T00:25:44Z,"Grand Mesa, CO",,UA_grmesa_07805_17016-000_17026-005_0014d_s01_L090_01-INTERFEROMETRY_GRD,RPI,HH,07805,-108.4539,-108.5151,-108.0817,,Repeat Pass Interferometry,,2017-03-08T19:29:53Z,-107.6883,,"POLYGON((-108.515104 39.114096,-107.688348 39.256956,-107.636569 39.085000,-108.453893 38.922097,-108.515104 39.114096))",,UAVSAR,https://datapool.asf.alaska.edu/INTERFEROMETRY_GRD/UA/grmesa_07805_17016-000_17026-005_0014d_s01_L090_01_int_grd.zip,07805,a35cf687aab5b3d2e1f5745173becd9f,17016,grmesa_07805_17016-000_17026-005_0014d_s01_L090_01_int_grd.zip,,UA_grmesa_07805_17016-000_17026-005_0014d_s01_L090_01,782,,-1,39.1141,,"Ground projected interferogram product, one file per pair of repeat tracks, complex floating point format 8 bytes per pixel, little endian.",Ground Projected Interferogram,07805,,2017-02-22T17:35:27Z,,39.085,RPI,,UA_grmesa_07805_17016-000_17026-005_0014d_s01_L090_01,UAVSAR_INSAR_SCENE,,39.0938,,UAVSAR,UA_grmesa_07805_17016-000_17026-005_0014d_s01_L090_01,782,"Grand Mesa, CO",https://datapool.asf.alaska.edu/THUMBNAIL/UA/grmesa_07805_17016-000_17026-005_0014d_s01_L090HH_01.unw_THUMBNAIL.jpg,L,,0,39.257,UA_grmesa_07805_17016-000_17026-005_0014d_s01_L090_01,L1,,782,628.86,https://datapool.asf.alaska.edu/BROWSE/UA/grmesa_07805_17016-000_17026-005_0014d_s01_L090HH_01.cor.png,38.9221,-107.6366,,,0,2017-03-08T19:29:53Z,INTERFEROMETRY_GRD,-1
2018-03-16T01:34:57Z,"Grand Mesa, CO",,UA_grmesa_08006_17002-002_17026-002_0030d_s01_L090_01-INTERFEROMETRY_GRD,RPI,HH,08006,-108.3833,-108.4341,-108.055,,Repeat Pass Interferometry,,2017-03-08T18:39:13Z,-107.7058,,"POLYGON((-108.434126 39.107864,-107.705838 39.214066,-107.663498 39.043908,-108.383273 38.913970,-108.434126 39.107864))",,UAVSAR,https://datapool.asf.alaska.edu/INTERFEROMETRY_GRD/UA/grmesa_08006_17002-002_17026-002_0030d_s01_L090_01_int_grd.zip,08006,a4042d8bcb10126e4018d4973d107fb0,17002,grmesa_08006_17002-002_17026-002_0030d_s01_L090_01_int_grd.zip,,UA_grmesa_08006_17002-002_17026-002_0030d_s01_L090_01,781,,-1,39.1079,,"Ground projected interferogram product, one file per pair of repeat tracks, complex floating point format 8 bytes per pixel, little endian.",Ground Projected Interferogram,08006,,2017-02-06T18:07:56Z,,39.0439,RPI,,UA_grmesa_08006_17002-002_17026-002_0030d_s01_L090_01,UAVSAR_INSAR_SCENE,,39.0692,,UAVSAR,UA_grmesa_08006_17002-002_17026-002_0030d_s01_L090_01,781,"Grand Mesa, CO",https://datapool.asf.alaska.edu/THUMBNAIL/UA/grmesa_08006_17002-002_17026-002_0030d_s01_L090HH_01.unw_THUMBNAIL.jpg,L,,0,39.2141,UA_grmesa_08006_17002-002_17026-002_0030d_s01_L090_01,L1,,781,528.11,https://datapool.asf.alaska.edu/BROWSE/UA/grmesa_08006_17002-002_17026-002_0030d_s01_L090HH_01.cor.png,38.914,-107.6635,,,0,2017-03-08T18:39:13Z,INTERFEROMETRY_GRD,-1
2018-03-16T01:59:23Z,"Grand Mesa, CO",,UA_grmesa_08006_17016-002_17026-002_0014d_s01_L090_01-INTERFEROMETRY_GRD,RPI,HH,08006,-108.3823,-108.4338,-108.0544,,Repeat Pass Interferometry,,2017-03-08T18:39:13Z,-107.7055,,"POLYGON((-108.433800 39.107917,-107.705543 39.214105,-107.662960 39.043917,-108.382348 38.914137,-108.433800 39.107917))",,UAVSAR,https://datapool.asf.alaska.edu/INTERFEROMETRY_GRD/UA/grmesa_08006_17016-002_17026-002_0014d_s01_L090_01_int_grd.zip,08006,40a9aea99950567823c56bdbaa14fd96,17016,grmesa_08006_17016-002_17026-002_0014d_s01_L090_01_int_grd.zip,,UA_grmesa_08006_17016-002_17026-002_0014d_s01_L090_01,781,,-1,39.1079,,"Ground projected interferogram product, one file per pair of repeat tracks, complex floating point format 8 bytes per pixel, little endian.",Ground Projected Interferogram,08006,,2017-02-22T18:09:47Z,,39.0439,RPI,,UA_grmesa_08006_17016-002_17026-002_0014d_s01_L090_01,UAVSAR_INSAR_SCENE,,39.0693,,UAVSAR,UA_grmesa_08006_17016-002_17026-002_0014d_s01_L090_01,781,"Grand Mesa, CO",https://datapool.asf.alaska.edu/THUMBNAIL/UA/grmesa_08006_17016-002_17026-002_0014d_s01_L090HH_01.unw_THUMBNAIL.jpg,L,,0,39.2141,UA_grmesa_08006_17016-002_17026-002_0014d_s01_L090_01,L1,,781,546.07,https://datapool.asf.alaska.edu/BROWSE/UA/grmesa_08006_17016-002_17026-002_0014d_s01_L090HH_01.cor.png,38.9141,-107.663,,,0,2017-03-08T18:39:13Z,INTERFEROMETRY_GRD,-1
2018-03-16T01:27:02Z,"Grand Mesa, CO",,UA_grmesa_26006_17002-001_17026-001_0030d_s01_L090_01-INTERFEROMETRY_GRD,RPI,HH,26006,-108.4356,-108.4795,-108.1004,,Repeat Pass Interferometry,,2017-03-08T18:22:05Z,-107.742,,"POLYGON((-108.479476 39.076887,-107.741984 39.142589,-107.704939 38.980227,-108.435589 38.886714,-108.479476 39.076887))",,UAVSAR,https://datapool.asf.alaska.edu/INTERFEROMETRY_GRD/UA/grmesa_26006_17002-001_17026-001_0030d_s01_L090_01_int_grd.zip,26006,6a83ffc709070e0ff865717bd1d3b415,17002,grmesa_26006_17002-001_17026-001_0030d_s01_L090_01_int_grd.zip,,UA_grmesa_26006_17002-001_17026-001_0030d_s01_L090_01,780,,-1,39.0769,,"Ground projected interferogram product, one file per pair of repeat tracks, complex floating point format 8 bytes per pixel, little endian.",Ground Projected Interferogram,26006,,2017-02-06T17:52:02Z,,38.9802,RPI,,UA_grmesa_26006_17002-001_17026-001_0030d_s01_L090_01,UAVSAR_INSAR_SCENE,,39.0211,,UAVSAR,UA_grmesa_26006_17002-001_17026-001_0030d_s01_L090_01,780,"Grand Mesa, CO",https://datapool.asf.alaska.edu/THUMBNAIL/UA/grmesa_26006_17002-001_17026-001_0030d_s01_L090VV_01.unw_THUMBNAIL.jpg,L,,0,39.1426,UA_grmesa_26006_17002-001_17026-001_0030d_s01_L090_01,L1,,780,1976.39,https://datapool.asf.alaska.edu/BROWSE/UA/grmesa_26006_17002-001_17026-001_0030d_s01_L090HH_01.cor.png,38.8867,-107.7049,,,0,2017-03-08T18:22:05Z,INTERFEROMETRY_GRD,-1
2018-03-16T02:20:03Z,"Grand Mesa, CO",,UA_grmesa_26006_17016-001_17026-001_0014d_s01_L090_01-INTERFEROMETRY_GRD,RPI,HH,26006,-108.4354,-108.4789,-108.0999,,Repeat Pass Interferometry,,2017-03-08T18:22:05Z,-107.7413,,"POLYGON((-108.478854 39.076956,-107.741317 39.142645,-107.704486 38.980262,-108.435442 38.886731,-108.478854 39.076956))",,UAVSAR,https://datapool.asf.alaska.edu/INTERFEROMETRY_GRD/UA/grmesa_26006_17016-001_17026-001_0014d_s01_L090_01_int_grd.zip,26006,29bc55cb68aaa834a9018b3b2d2804b6,17016,grmesa_26006_17016-001_17026-001_0014d_s01_L090_01_int_grd.zip,,UA_grmesa_26006_17016-001_17026-001_0014d_s01_L090_01,780,,-1,39.077,,"Ground projected interferogram product, one file per pair of repeat tracks, complex floating point format 8 bytes per pixel, little endian.",Ground Projected Interferogram,26006,,2017-02-22T17:50:32Z,,38.9803,RPI,,UA_grmesa_26006_17016-001_17026-001_0014d_s01_L090_01,UAVSAR_INSAR_SCENE,,39.0211,,UAVSAR,UA_grmesa_26006_17016-001_17026-001_0014d_s01_L090_01,780,"Grand Mesa, CO",https://datapool.asf.alaska.edu/THUMBNAIL/UA/grmesa_26006_17016-001_17026-001_0014d_s01_L090VV_01.unw_THUMBNAIL.jpg,L,,0,39.1426,UA_grmesa_26006_17016-001_17026-001_0014d_s01_L090_01,L1,,780,2117.41,https://datapool.asf.alaska.edu/BROWSE/UA/grmesa_26006_17016-001_17026-001_0014d_s01_L090HH_01.cor.png,38.8867,-107.7045,,,0,2017-03-08T18:22:05Z,INTERFEROMETRY_GRD,-1
2019-10-29T18:20:37Z,"Grand Mesa, CO",,UA_grmesa_26006_17018-001_17026-001_0011d_s01_L090_01-INTERFEROMETRY_GRD,RPI,HH,26006,-108.5062,-108.5473,-108.1203,,Repeat Pass Interferometry,,2017-03-08T18:21:50Z,-107.7083,,"POLYGON((-108.547317 39.067795,-107.708287 39.148013,-107.672863 38.984707,-108.506184 38.875322,-108.547317 39.067795))",,UAVSAR,https://datapool.asf.alaska.edu/INTERFEROMETRY_GRD/UA/grmesa_26006_17018-001_17026-001_0011d_s01_L090_01_int_grd.zip,26006,6faa5891eced6adc575b2a0d3bcb26c3,17018,grmesa_26006_17018-001_17026-001_0011d_s01_L090_01_int_grd.zip,,UA_grmesa_26006_17018-001_17026-001_0011d_s01_L090_01,780,,-1,39.0678,,"Ground projected interferogram product, one file per pair of repeat tracks, complex floating point format 8 bytes per pixel, little endian.",Ground Projected Interferogram,26006,,2017-02-25T20:07:45Z,,38.9847,RPI,,UA_grmesa_26006_17018-001_17026-001_0011d_s01_L090_01,UAVSAR_INSAR_SCENE,,39.0184,,UAVSAR,UA_grmesa_26006_17018-001_17026-001_0011d_s01_L090_01,780,"Grand Mesa, CO",https://datapool.asf.alaska.edu/THUMBNAIL/UA/grmesa_26006_17018-001_17026-001_0011d_s01_L090VV_01.unw_THUMBNAIL.jpg,L,,0,39.148,UA_grmesa_26006_17018-001_17026-001_0011d_s01_L090_01,L1,,780,2431.48,https://datapool.asf.alaska.edu/BROWSE/UA/grmesa_26006_17018-001_17026-001_0011d_s01_L090HH_01.cor.png,38.8753,-107.6729,,,0,2017-03-08T18:21:50Z,INTERFEROMETRY_GRD,-1
2017-05-09T19:08:34Z,"Grand Mesa, CO",,UA_grmesa_26006_17016-001_17018-001_0003d_s01_L090_01-INTERFEROMETRY_GRD,RPI,HH,26006,-108.4359,-108.4777,-108.1,,Repeat Pass Interferometry,,2017-02-25T20:07:59Z,-107.7416,,"POLYGON((-108.477735 39.077079,-107.741564 39.142607,-107.705510 38.980170,-108.435898 38.886668,-108.477735 39.077079))",,UAVSAR,https://datapool.asf.alaska.edu/INTERFEROMETRY_GRD/UA/grmesa_26006_17016-001_17018-001_0003d_s01_L090_01_int_grd.zip,26006,3e27258766709df206a78dfecf40e102,17016,grmesa_26006_17016-001_17018-001_0003d_s01_L090_01_int_grd.zip,,UA_grmesa_26006_17016-001_17018-001_0003d_s01_L090_01,780,,-1,39.0771,,"Ground projected interferogram product, one file per pair of repeat tracks, complex floating point format 8 bytes per pixel, little endian.",Ground Projected Interferogram,26006,,2017-02-22T17:50:32Z,,38.9802,RPI,,UA_grmesa_26006_17016-001_17018-001_0003d_s01_L090_01,UAVSAR_INSAR_SCENE,,39.0211,,UAVSAR,UA_grmesa_26006_17016-001_17018-001_0003d_s01_L090_01,780,"Grand Mesa, CO",https://datapool.asf.alaska.edu/THUMBNAIL/UA/grmesa_26006_17016-001_17018-001_0003d_s01_L090HH_01.unw_THUMBNAIL.jpg,L,,0,39.1426,UA_grmesa_26006_17016-001_17018-001_0003d_s01_L090_01,L1,,780,553.38,https://datapool.asf.alaska.edu/BROWSE/UA/grmesa_26006_17016-001_17018-001_0003d_s01_L090HH_01.cor.png,38.8867,-107.7055,,,0,2017-02-25T20:07:59Z,INTERFEROMETRY_GRD,-1
2018-03-16T00:20:17Z,"Grand Mesa, CO",,UA_grmesa_26006_17002-001_17018-001_0019d_s01_L090_01-INTERFEROMETRY_GRD,RPI,HH,26006,-108.5064,-108.5494,-108.1212,,Repeat Pass Interferometry,,2017-02-25T20:07:45Z,-107.7094,,"POLYGON((-108.549382 39.067453,-107.709413 39.148041,-107.673104 38.984675,-108.506427 38.875286,-108.549382 39.067453))",,UAVSAR,https://datapool.asf.alaska.edu/INTERFEROMETRY_GRD/UA/grmesa_26006_17002-001_17018-001_0019d_s01_L090_01_int_grd.zip,26006,f6977b067b69ce7ed46079740c910f73,17002,grmesa_26006_17002-001_17018-001_0019d_s01_L090_01_int_grd.zip,,UA_grmesa_26006_17002-001_17018-001_0019d_s01_L090_01,780,,-1,39.0675,,"Ground projected interferogram product, one file per pair of repeat tracks, complex floating point format 8 bytes per pixel, little endian.",Ground Projected Interferogram,26006,,2017-02-06T17:51:48Z,,38.9847,RPI,,UA_grmesa_26006_17002-001_17018-001_0019d_s01_L090_01,UAVSAR_INSAR_SCENE,,39.0183,,UAVSAR,UA_grmesa_26006_17002-001_17018-001_0019d_s01_L090_01,780,"Grand Mesa, CO",https://datapool.asf.alaska.edu/THUMBNAIL/UA/grmesa_26006_17002-001_17018-001_0019d_s01_L090VV_01.unw_THUMBNAIL.jpg,L,,0,39.148,UA_grmesa_26006_17002-001_17018-001_0019d_s01_L090_01,L1,,780,2339.33,https://datapool.asf.alaska.edu/BROWSE/UA/grmesa_26006_17002-001_17018-001_0019d_s01_L090HH_01.cor.png,38.8753,-107.6731,,,0,2017-02-25T20:07:45Z,INTERFEROMETRY_GRD,-1
2018-10-02T08:37:56Z,"Grand Mesa, CO",,UA_grmesa_26006_17016-001_17018-001_0003d_s01_L090_02-INTERFEROMETRY_GRD,RPI,HH,26006,-108.5061,-108.5486,-108.1207,,Repeat Pass Interferometry,,2017-02-25T20:07:45Z,-107.7089,,"POLYGON((-108.548645 39.067554,-107.708930 39.148030,-107.672802 38.984727,-108.506082 38.875333,-108.548645 39.067554))",,UAVSAR,https://datapool.asf.alaska.edu/INTERFEROMETRY_GRD/UA/grmesa_26006_17016-001_17018-001_0003d_s01_L090_02_int_grd.zip,26006,178fa47236308230711955040ca2c5d9,17016,grmesa_26006_17016-001_17018-001_0003d_s01_L090_02_int_grd.zip,,UA_grmesa_26006_17016-001_17018-001_0003d_s01_L090_02,780,,-1,39.0676,,"Ground projected interferogram product, one file per pair of repeat tracks, complex floating point format 8 bytes per pixel, little endian.",Ground Projected Interferogram,26006,,2017-02-22T17:50:16Z,,38.9847,RPI,,UA_grmesa_26006_17016-001_17018-001_0003d_s01_L090_02,UAVSAR_INSAR_SCENE,,39.0183,,UAVSAR,UA_grmesa_26006_17016-001_17018-001_0003d_s01_L090_02,780,"Grand Mesa, CO",https://datapool.asf.alaska.edu/THUMBNAIL/UA/grmesa_26006_17016-001_17018-001_0003d_s01_L090VV_02.unw_THUMBNAIL.jpg,L,,0,39.148,UA_grmesa_26006_17016-001_17018-001_0003d_s01_L090_02,L1,,780,2527.28,https://datapool.asf.alaska.edu/BROWSE/UA/grmesa_26006_17016-001_17018-001_0003d_s01_L090HH_02.cor.png,38.8753,-107.6728,,,0,2017-02-25T20:07:45Z,INTERFEROMETRY_GRD,-1
2017-05-10T00:09:13Z,"Grand Mesa, CO",,UA_grmesa_07805_17016-000_17018-000_0003d_s01_L090_01-INTERFEROMETRY_GRD,RPI,HH,07805,-108.4522,-108.5157,-108.0812,,Repeat Pass Interferometry,,2017-02-25T19:54:10Z,-107.6891,,"POLYGON((-108.515745 39.113986,-107.689096 39.256827,-107.635647 39.085070,-108.452158 38.922848,-108.515745 39.113986))",,UAVSAR,https://datapool.asf.alaska.edu/INTERFEROMETRY_GRD/UA/grmesa_07805_17016-000_17018-000_0003d_s01_L090_01_int_grd.zip,07805,7046da40db3777534c01dcaab7c2c756,17016,grmesa_07805_17016-000_17018-000_0003d_s01_L090_01_int_grd.zip,,UA_grmesa_07805_17016-000_17018-000_0003d_s01_L090_01,782,,-1,39.114,,"Ground projected interferogram product, one file per pair of repeat tracks, complex floating point format 8 bytes per pixel, little endian.",Ground Projected Interferogram,07805,,2017-02-22T17:35:27Z,,39.0851,RPI,,UA_grmesa_07805_17016-000_17018-000_0003d_s01_L090_01,UAVSAR_INSAR_SCENE,,39.094,,UAVSAR,UA_grmesa_07805_17016-000_17018-000_0003d_s01_L090_01,782,"Grand Mesa, CO",https://datapool.asf.alaska.edu/THUMBNAIL/UA/grmesa_07805_17016-000_17018-000_0003d_s01_L090HH_01.unw_THUMBNAIL.jpg,L,,0,39.2568,UA_grmesa_07805_17016-000_17018-000_0003d_s01_L090_01,L1,,782,651.74,https://datapool.asf.alaska.edu/BROWSE/UA/grmesa_07805_17016-000_17018-000_0003d_s01_L090HH_01.cor.png,38.9228,-107.6356,,,0,2017-02-25T19:54:10Z,INTERFEROMETRY_GRD,-1
2018-03-16T06:06:07Z,"Grand Mesa, CO",,UA_grmesa_07805_17002-000_17018-000_0019d_s01_L090_01-INTERFEROMETRY_GRD,RPI,HH,07805,-108.4886,-108.5497,-108.0636,,Repeat Pass Interferometry,,2017-02-25T19:53:59Z,-107.6196,,"POLYGON((-108.549720 39.108123,-107.619619 39.268613,-107.566725 39.096363,-108.488592 38.920462,-108.549720 39.108123))",,UAVSAR,https://datapool.asf.alaska.edu/INTERFEROMETRY_GRD/UA/grmesa_07805_17002-000_17018-000_0019d_s01_L090_01_int_grd.zip,07805,26813f93889ebe1aca0cb8efcbf20205,17002,grmesa_07805_17002-000_17018-000_0019d_s01_L090_01_int_grd.zip,,UA_grmesa_07805_17002-000_17018-000_0019d_s01_L090_01,782,,-1,39.1081,,"Ground projected interferogram product, one file per pair of repeat tracks, complex floating point format 8 bytes per pixel, little endian.",Ground Projected Interferogram,07805,,2017-02-06T17:37:41Z,,39.0964,RPI,,UA_grmesa_07805_17002-000_17018-000_0019d_s01_L090_01,UAVSAR_INSAR_SCENE,,39.0981,,UAVSAR,UA_grmesa_07805_17002-000_17018-000_0019d_s01_L090_01,782,"Grand Mesa, CO",https://datapool.asf.alaska.edu/THUMBNAIL/UA/grmesa_07805_17002-000_17018-000_0019d_s01_L090HH_01.unw_THUMBNAIL.jpg,L,,0,39.2686,UA_grmesa_07805_17002-000_17018-000_0019d_s01_L090_01,L1,,782,681.61,https://datapool.asf.alaska.edu/BROWSE/UA/grmesa_07805_17002-000_17018-000_0019d_s01_L090HH_01.cor.png,38.9205,-107.5667,,,0,2017-02-25T19:53:59Z,INTERFEROMETRY_GRD,-1
2017-05-10T00:17:58Z,"Grand Mesa, CO",,UA_grmesa_08006_17002-002_17016-002_0016d_s01_L090_01-INTERFEROMETRY_GRD,RPI,HH,08006,-108.3836,-108.4341,-108.0549,,Repeat Pass Interferometry,,2017-02-22T18:09:47Z,-107.7055,,"POLYGON((-108.434144 39.107871,-107.705460 39.214122,-107.663161 39.043921,-108.383613 38.913926,-108.434144 39.107871))",,UAVSAR,https://datapool.asf.alaska.edu/INTERFEROMETRY_GRD/UA/grmesa_08006_17002-002_17016-002_0016d_s01_L090_01_int_grd.zip,08006,26c1524830f969b82827a1884d0aa1ea,17002,grmesa_08006_17002-002_17016-002_0016d_s01_L090_01_int_grd.zip,,UA_grmesa_08006_17002-002_17016-002_0016d_s01_L090_01,781,,-1,39.1079,,"Ground projected interferogram product, one file per pair of repeat tracks, complex floating point format 8 bytes per pixel, little endian.",Ground Projected Interferogram,08006,,2017-02-06T18:07:56Z,,39.0439,RPI,,UA_grmesa_08006_17002-002_17016-002_0016d_s01_L090_01,UAVSAR_INSAR_SCENE,,39.0692,,UAVSAR,UA_grmesa_08006_17002-002_17016-002_0016d_s01_L090_01,781,"Grand Mesa, CO",https://datapool.asf.alaska.edu/THUMBNAIL/UA/grmesa_08006_17002-002_17016-002_0016d_s01_L090HH_01.unw_THUMBNAIL.jpg,L,,0,39.2141,UA_grmesa_08006_17002-002_17016-002_0016d_s01_L090_01,L1,,781,552.02,https://datapool.asf.alaska.edu/BROWSE/UA/grmesa_08006_17002-002_17016-002_0016d_s01_L090HH_01.cor.png,38.9139,-107.6632,,,0,2017-02-22T18:09:47Z,INTERFEROMETRY_GRD,-1
2017-05-09T18:40:43Z,"Grand Mesa, CO",,UA_grmesa_26006_17002-001_17016-001_0016d_s01_L090_01-INTERFEROMETRY_GRD,RPI,HH,26006,-108.4353,-108.4805,-108.1005,,Repeat Pass Interferometry,,2017-02-22T17:50:32Z,-107.7423,,"POLYGON((-108.480525 39.076751,-107.742320 39.142566,-107.704604 38.980263,-108.435277 38.886747,-108.480525 39.076751))",,UAVSAR,https://datapool.asf.alaska.edu/INTERFEROMETRY_GRD/UA/grmesa_26006_17002-001_17016-001_0016d_s01_L090_01_int_grd.zip,26006,71c0286aa28f53f511c3a6f9f406a812,17002,grmesa_26006_17002-001_17016-001_0016d_s01_L090_01_int_grd.zip,,UA_grmesa_26006_17002-001_17016-001_0016d_s01_L090_01,780,,-1,39.0768,,"Ground projected interferogram product, one file per pair of repeat tracks, complex floating point format 8 bytes per pixel, little endian.",Ground Projected Interferogram,26006,,2017-02-06T17:52:02Z,,38.9803,RPI,,UA_grmesa_26006_17002-001_17016-001_0016d_s01_L090_01,UAVSAR_INSAR_SCENE,,39.0211,,UAVSAR,UA_grmesa_26006_17002-001_17016-001_0016d_s01_L090_01,780,"Grand Mesa, CO",https://datapool.asf.alaska.edu/THUMBNAIL/UA/grmesa_26006_17002-001_17016-001_0016d_s01_L090HH_01.unw_THUMBNAIL.jpg,L,,0,39.1426,UA_grmesa_26006_17002-001_17016-001_0016d_s01_L090_01,L1,,780,511.95,https://datapool.asf.alaska.edu/BROWSE/UA/grmesa_26006_17002-001_17016-001_0016d_s01_L090HH_01.cor.png,38.8867,-107.7046,,,0,2017-02-22T17:50:32Z,INTERFEROMETRY_GRD,-1
2018-10-02T09:54:06Z,"Grand Mesa, CO",,UA_grmesa_26006_17002-001_17016-001_0016d_s01_L090_02-INTERFEROMETRY_GRD,RPI,HH,26006,-108.4351,-108.4803,-108.1003,,Repeat Pass Interferometry,,2017-02-22T17:50:32Z,-107.7421,,"POLYGON((-108.480306 39.076779,-107.742099 39.142587,-107.704380 38.980280,-108.435057 38.886775,-108.480306 39.076779))",,UAVSAR,https://datapool.asf.alaska.edu/INTERFEROMETRY_GRD/UA/grmesa_26006_17002-001_17016-001_0016d_s01_L090_02_int_grd.zip,26006,b570a57e6430fb1256b9cf9bc5900b45,17002,grmesa_26006_17002-001_17016-001_0016d_s01_L090_02_int_grd.zip,,UA_grmesa_26006_17002-001_17016-001_0016d_s01_L090_02,780,,-1,39.0768,,"Ground projected interferogram product, one file per pair of repeat tracks, complex floating point format 8 bytes per pixel, little endian.",Ground Projected Interferogram,26006,,2017-02-06T17:52:02Z,,38.9803,RPI,,UA_grmesa_26006_17002-001_17016-001_0016d_s01_L090_02,UAVSAR_INSAR_SCENE,,39.0211,,UAVSAR,UA_grmesa_26006_17002-001_17016-001_0016d_s01_L090_02,780,"Grand Mesa, CO",https://datapool.asf.alaska.edu/THUMBNAIL/UA/grmesa_26006_17002-001_17016-001_0016d_s01_L090VV_02.unw_THUMBNAIL.jpg,L,,0,39.1426,UA_grmesa_26006_17002-001_17016-001_0016d_s01_L090_02,L1,,780,2056.62,https://datapool.asf.alaska.edu/BROWSE/UA/grmesa_26006_17002-001_17016-001_0016d_s01_L090HH_02.cor.png,38.8868,-107.7044,,,0,2017-02-22T17:50:32Z,INTERFEROMETRY_GRD,-1
2017-05-10T00:24:34Z,"Grand Mesa, CO",,UA_grmesa_07805_17002-000_17016-000_0016d_s01_L090_01-INTERFEROMETRY_GRD,RPI,HH,07805,-108.4559,-108.5163,-108.0835,,Repeat Pass Interferometry,,2017-02-22T17:35:27Z,-107.6896,,"POLYGON((-108.516335 39.113893,-107.689599 39.256744,-107.638216 39.084931,-108.455855 38.920956,-108.516335 39.113893))",,UAVSAR,https://datapool.asf.alaska.edu/INTERFEROMETRY_GRD/UA/grmesa_07805_17002-000_17016-000_0016d_s01_L090_01_int_grd.zip,07805,1260ce52e1ecedff7c81d9f45ed50e2b,17002,grmesa_07805_17002-000_17016-000_0016d_s01_L090_01_int_grd.zip,,UA_grmesa_07805_17002-000_17016-000_0016d_s01_L090_01,782,,-1,39.1139,,"Ground projected interferogram product, one file per pair of repeat tracks, complex floating point format 8 bytes per pixel, little endian.",Ground Projected Interferogram,07805,,2017-02-06T17:37:52Z,,39.0849,RPI,,UA_grmesa_07805_17002-000_17016-000_0016d_s01_L090_01,UAVSAR_INSAR_SCENE,,39.0934,,UAVSAR,UA_grmesa_07805_17002-000_17016-000_0016d_s01_L090_01,782,"Grand Mesa, CO",https://datapool.asf.alaska.edu/THUMBNAIL/UA/grmesa_07805_17002-000_17016-000_0016d_s01_L090HH_01.unw_THUMBNAIL.jpg,L,,0,39.2567,UA_grmesa_07805_17002-000_17016-000_0016d_s01_L090_01,L1,,782,647.74,https://datapool.asf.alaska.edu/BROWSE/UA/grmesa_07805_17002-000_17016-000_0016d_s01_L090HH_01.cor.png,38.921,-107.6382,,,0,2017-02-22T17:35:27Z,INTERFEROMETRY_GRD,-1
2018-10-02T06:47:20Z,"Grand Mesa, CO",,UA_grmesa_07805_17002-000_17016-000_0016d_s01_L090_02-INTERFEROMETRY_GRD,RPI,HH,07805,-108.456,-108.5166,-108.0838,,Repeat Pass Interferometry,,2017-02-22T17:35:27Z,-107.6898,,"POLYGON((-108.516551 39.113855,-107.689814 39.256704,-107.638442 39.084916,-108.456045 38.920829,-108.516551 39.113855))",,UAVSAR,https://datapool.asf.alaska.edu/INTERFEROMETRY_GRD/UA/grmesa_07805_17002-000_17016-000_0016d_s01_L090_02_int_grd.zip,07805,0033a357dc06fc48106214313d678dce,17002,grmesa_07805_17002-000_17016-000_0016d_s01_L090_02_int_grd.zip,,UA_grmesa_07805_17002-000_17016-000_0016d_s01_L090_02,782,,-1,39.1139,,"Ground projected interferogram product, one file per pair of repeat tracks, complex floating point format 8 bytes per pixel, little endian.",Ground Projected Interferogram,07805,,2017-02-06T17:37:52Z,,39.0849,RPI,,UA_grmesa_07805_17002-000_17016-000_0016d_s01_L090_02,UAVSAR_INSAR_SCENE,,39.0933,,UAVSAR,UA_grmesa_07805_17002-000_17016-000_0016d_s01_L090_02,782,"Grand Mesa, CO",https://datapool.asf.alaska.edu/THUMBNAIL/UA/grmesa_07805_17002-000_17016-000_0016d_s01_L090HH_02.unw_THUMBNAIL.jpg,L,,0,39.2567,UA_grmesa_07805_17002-000_17016-000_0016d_s01_L090_02,L1,,782,651.21,https://datapool.asf.alaska.edu/BROWSE/UA/grmesa_07805_17002-000_17016-000_0016d_s01_L090HH_02.cor.png,38.9208,-107.6384,,,0,2017-02-22T17:35:27Z,INTERFEROMETRY_GRD,-1
2016-08-31T12:05:35Z,"Grand Mesa, CO",,UA_GrMesa_08112_15100-004_16058-000_0360d_s01_L090_01-INTERFEROMETRY_GRD,RPI,HH,08112,-108.3248,-108.3725,-107.9365,,Repeat Pass Interferometry,,2016-06-23T16:26:54Z,-107.5363,,"POLYGON((-108.372490 39.157968,-107.536314 39.267763,-107.493944 39.087470,-108.324849 38.966587,-108.372490 39.157968))",,UAVSAR,https://datapool.asf.alaska.edu/INTERFEROMETRY_GRD/UA/GrMesa_08112_15100-004_16058-000_0360d_s01_L090_01_int_grd.zip,08112,7b47cba4b1a76ae806dc882b52089182,15100,GrMesa_08112_15100-004_16058-000_0360d_s01_L090_01_int_grd.zip,,UA_GrMesa_08112_15100-004_16058-000_0360d_s01_L090_01,782,,-1,39.158,,"Ground projected interferogram product, one file per pair of repeat tracks, complex floating point format 8 bytes per pixel, little endian.",Ground Projected Interferogram,08112,,2015-06-29T20:00:55Z,,39.0875,RPI,,UA_GrMesa_08112_15100-004_16058-000_0360d_s01_L090_01,UAVSAR_INSAR_SCENE,,39.1201,,UAVSAR,UA_GrMesa_08112_15100-004_16058-000_0360d_s01_L090_01,782,"Grand Mesa, CO",https://datapool.asf.alaska.edu/THUMBNAIL/UA/GrMesa_08112_15100-004_16058-000_0360d_s01_L090HH_01.unw_THUMBNAIL.jpg,L,,0,39.2678,UA_GrMesa_08112_15100-004_16058-000_0360d_s01_L090_01,L1,,782,639.59,https://datapool.asf.alaska.edu/BROWSE/UA/GrMesa_08112_15100-004_16058-000_0360d_s01_L090HH_01.cor.png,38.9666,-107.4939,,,0,2016-06-23T16:26:54Z,INTERFEROMETRY_GRD,-1
2015-09-03T22:47:45Z,"Grand Mesa, CO",,UA_GrMesa_26108_15060-006_15100-005_0048d_s01_L090_01-INTERFEROMETRY_GRD,RPI,HH,26108,-108.3328,-108.3727,-107.9641,,Repeat Pass Interferometry,,2015-06-29T20:17:15Z,-107.584,,"POLYGON((-108.33281049 39.01527641,-108.3727309 39.20062678,-107.58396673 39.2828612,-107.54789264 39.10960613,-108.33281049 39.01527641))",,UAVSAR,https://datapool.asf.alaska.edu/INTERFEROMETRY_GRD/UA/GrMesa_26108_15060-006_15100-005_0048d_s01_L090_01_int_grd.zip,26108,9bbb5e6c194fd981db25e3f459e59693,15060,GrMesa_26108_15060-006_15100-005_0048d_s01_L090_01_int_grd.zip,,UA_GrMesa_26108_15060-006_15100-005_0048d_s01_L090_01,783,,-1,39.2006,,"Ground projected interferogram product, one file per pair of repeat tracks, complex floating point format 8 bytes per pixel, little endian.",Ground Projected Interferogram,26108,,2015-05-12T19:05:13Z,,39.1096,RPI,,UA_GrMesa_26108_15060-006_15100-005_0048d_s01_L090_01,UAVSAR_INSAR_SCENE,,39.1522,,UAVSAR,UA_GrMesa_26108_15060-006_15100-005_0048d_s01_L090_01,783,"Grand Mesa, CO",https://datapool.asf.alaska.edu/THUMBNAIL/UA/GrMesa_26108_15060-006_15100-005_0048d_s01_L090HH_01.unw_THUMBNAIL.jpg,L,,0,39.2829,UA_GrMesa_26108_15060-006_15100-005_0048d_s01_L090_01,L1,,783,626.43,https://datapool.asf.alaska.edu/BROWSE/UA/GrMesa_26108_15060-006_15100-005_0048d_s01_L090HH_01.cor.png,39.0153,-107.5479,,,0,2015-06-29T20:17:15Z,INTERFEROMETRY_GRD,-1
2015-09-03T22:42:16Z,"Grand Mesa, CO",,UA_GrMesa_08112_15060-005_15100-004_0048d_s01_L090_01-INTERFEROMETRY_GRD,RPI,HH,08112,-108.3267,-108.3712,-107.9371,,Repeat Pass Interferometry,,2015-06-29T20:00:55Z,-107.5356,,"POLYGON((-108.32666736 38.9662447,-108.37118084 39.15820736,-107.5355741 39.26784387,-107.49568951 39.08760991,-108.32666736 38.9662447))",,UAVSAR,https://datapool.asf.alaska.edu/INTERFEROMETRY_GRD/UA/GrMesa_08112_15060-005_15100-004_0048d_s01_L090_01_int_grd.zip,08112,8637ffc86b2aef7e5c499c34291caa7f,15060,GrMesa_08112_15060-005_15100-004_0048d_s01_L090_01_int_grd.zip,,UA_GrMesa_08112_15060-005_15100-004_0048d_s01_L090_01,782,,-1,39.1582,,"Ground projected interferogram product, one file per pair of repeat tracks, complex floating point format 8 bytes per pixel, little endian.",Ground Projected Interferogram,08112,,2015-05-12T18:51:19Z,,39.0876,RPI,,UA_GrMesa_08112_15060-005_15100-004_0048d_s01_L090_01,UAVSAR_INSAR_SCENE,,39.1201,,UAVSAR,UA_GrMesa_08112_15060-005_15100-004_0048d_s01_L090_01,782,"Grand Mesa, CO",https://datapool.asf.alaska.edu/THUMBNAIL/UA/GrMesa_08112_15060-005_15100-004_0048d_s01_L090HH_01.unw_THUMBNAIL.jpg,L,,0,39.2678,UA_GrMesa_08112_15060-005_15100-004_0048d_s01_L090_01,L1,,782,619.81,https://datapool.asf.alaska.edu/BROWSE/UA/GrMesa_08112_15060-005_15100-004_0048d_s01_L090HH_01.cor.png,38.9662,-107.4957,,,0,2015-06-29T20:00:55Z,INTERFEROMETRY_GRD,-1
2015-06-10T12:13:01Z,"Grand Mesa, CO",,UA_GrMesa_26108_15055-007_15060-006_0008d_s01_L090_01-INTERFEROMETRY_GRD,RPI,HH,26108,-108.33,-108.3767,-107.964,,Repeat Pass Interferometry,,2015-05-12T19:05:13Z,-107.5848,,"POLYGON((-108.32996349 39.01560989,-108.37671323 39.20113553,-107.5847726 39.28299232,-107.54429873 39.11017642,-108.32996349 39.01560989))",,UAVSAR,https://datapool.asf.alaska.edu/INTERFEROMETRY_GRD/UA/GrMesa_26108_15055-007_15060-006_0008d_s01_L090_01_int_grd.zip,26108,8d5b9132ac02baebd2d1037d84ccc489,15055,GrMesa_26108_15055-007_15060-006_0008d_s01_L090_01_int_grd.zip,,UA_GrMesa_26108_15055-007_15060-006_0008d_s01_L090_01,783,,-1,39.2011,,"Ground projected interferogram product, one file per pair of repeat tracks, complex floating point format 8 bytes per pixel, little endian.",Ground Projected Interferogram,26108,,2015-05-04T22:06:43Z,,39.1102,RPI,,UA_GrMesa_26108_15055-007_15060-006_0008d_s01_L090_01,UAVSAR_INSAR_SCENE,,39.1526,,UAVSAR,UA_GrMesa_26108_15055-007_15060-006_0008d_s01_L090_01,783,"Grand Mesa, CO",https://datapool.asf.alaska.edu/THUMBNAIL/UA/GrMesa_26108_15055-007_15060-006_0008d_s01_L090HH_01.unw_THUMBNAIL.jpg,L,,0,39.283,UA_GrMesa_26108_15055-007_15060-006_0008d_s01_L090_01,L1,,783,642.11,https://datapool.asf.alaska.edu/BROWSE/UA/GrMesa_26108_15055-007_15060-006_0008d_s01_L090HH_01.cor.png,39.0156,-107.5443,,,0,2015-05-12T19:05:13Z,INTERFEROMETRY_GRD,-1
2015-06-10T12:06:36Z,"Grand Mesa, CO",,UA_GrMesa_08112_15055-006_15060-005_0008d_s01_L090_01-INTERFEROMETRY_GRD,RPI,HH,08112,-108.3349,-108.3717,-107.9406,,Repeat Pass Interferometry,,2015-05-12T18:51:18Z,-107.5344,,"POLYGON((-108.33485176 38.96447649,-108.37172799 39.15811514,-107.53436203 39.26794947,-107.50028567 39.08776857,-108.33485176 38.96447649))",,UAVSAR,https://datapool.asf.alaska.edu/INTERFEROMETRY_GRD/UA/GrMesa_08112_15055-006_15060-005_0008d_s01_L090_01_int_grd.zip,08112,f7f84299dc882a389b05476029d010b7,15055,GrMesa_08112_15055-006_15060-005_0008d_s01_L090_01_int_grd.zip,,UA_GrMesa_08112_15055-006_15060-005_0008d_s01_L090_01,782,,-1,39.1581,,"Ground projected interferogram product, one file per pair of repeat tracks, complex floating point format 8 bytes per pixel, little endian.",Ground Projected Interferogram,08112,,2015-05-04T21:51:36Z,,39.0878,RPI,,UA_GrMesa_08112_15055-006_15060-005_0008d_s01_L090_01,UAVSAR_INSAR_SCENE,,39.1196,,UAVSAR,UA_GrMesa_08112_15055-006_15060-005_0008d_s01_L090_01,782,"Grand Mesa, CO",https://datapool.asf.alaska.edu/THUMBNAIL/UA/GrMesa_08112_15055-006_15060-005_0008d_s01_L090HH_01.unw_THUMBNAIL.jpg,L,,0,39.2679,UA_GrMesa_08112_15055-006_15060-005_0008d_s01_L090_01,L1,,782,635.5,https://datapool.asf.alaska.edu/BROWSE/UA/GrMesa_08112_15055-006_15060-005_0008d_s01_L090HH_01.cor.png,38.9645,-107.5003,,,0,2015-05-12T18:51:18Z,INTERFEROMETRY_GRD,-1
2015-06-04T13:32:24Z,"Grand Mesa, CO",,UA_GrMesa_26108_15054-005_15055-007_0006d_s01_L090_01-INTERFEROMETRY_GRD,RPI,HH,26108,-108.3328,-108.3713,-107.9634,,Repeat Pass Interferometry,,2015-05-04T22:06:44Z,-107.583,,"POLYGON((-108.33281618 39.01528819,-108.37131743 39.20061307,-107.58297744 39.28291591,-107.54776105 39.10963551,-108.33281618 39.01528819))",,UAVSAR,https://datapool.asf.alaska.edu/INTERFEROMETRY_GRD/UA/GrMesa_26108_15054-005_15055-007_0006d_s01_L090_01_int_grd.zip,26108,420f904219aef3ac012b5f3d51c69dc8,15054,GrMesa_26108_15054-005_15055-007_0006d_s01_L090_01_int_grd.zip,,UA_GrMesa_26108_15054-005_15055-007_0006d_s01_L090_01,783,,-1,39.2006,,"Ground projected interferogram product, one file per pair of repeat tracks, complex floating point format 8 bytes per pixel, little endian.",Ground Projected Interferogram,26108,,2015-04-28T19:46:46Z,,39.1096,RPI,,UA_GrMesa_26108_15054-005_15055-007_0006d_s01_L090_01,UAVSAR_INSAR_SCENE,,39.1523,,UAVSAR,UA_GrMesa_26108_15054-005_15055-007_0006d_s01_L090_01,783,"Grand Mesa, CO",https://datapool.asf.alaska.edu/THUMBNAIL/UA/GrMesa_26108_15054-005_15055-007_0006d_s01_L090HH_01.unw_THUMBNAIL.jpg,L,,0,39.2829,UA_GrMesa_26108_15054-005_15055-007_0006d_s01_L090_01,L1,,783,639.3,https://datapool.asf.alaska.edu/BROWSE/UA/GrMesa_26108_15054-005_15055-007_0006d_s01_L090HH_01.cor.png,39.0153,-107.5478,,,0,2015-05-04T22:06:44Z,INTERFEROMETRY_GRD,-1
